"","ectomycorrhizal","litter_saprotroph"
"OTU1.pa",1,0
"OTU4.pa",1,0
"OTU9.pa",1,0
"OTU10.pa",1,0
"OTU12.pa",1,0
"OTU13.pa",1,0
"OTU19.pa",1,0
"OTU20.pa",1,0
"OTU21.pa",1,0
"OTU22.pa",1,0
"OTU35.pa",1,0
"OTU37.pa",1,0
"OTU39.pa",1,0
"OTU44.pa",0,1
"OTU45.pa",1,0
"OTU47.pa",1,0
"OTU51.pa",1,0
"OTU56.pa",1,0
"OTU57.pa",1,0
"OTU61.pa",1,0
"OTU62.pa",1,0
"OTU64.pa",1,0
"OTU71.pa",1,0
"OTU79.pa",1,0
"OTU82.pa",1,0
"OTU85.pa",1,0
"OTU87.pa",1,0
"OTU93.pa",1,0
"OTU97.pa",1,0
"OTU101.pa",0,1
"OTU102.pa",1,0
"OTU104.pa",0,1
"OTU109.pa",0,1
"OTU115.pa",0,1
"OTU118.pa",1,0
"OTU119.pa",1,0
"OTU125.pa",0,1
"OTU129.pa",1,0
"OTU132.pa",1,0
"OTU141.pa",1,0
"OTU143.pa",0,1
"OTU145.pa",1,0
"OTU147.pa",1,0
"OTU150.pa",1,0
"OTU153.pa",1,0
"OTU159.pa",1,0
"OTU161.pa",1,0
"OTU162.pa",1,0
"OTU172.pa",1,0
"OTU173.pa",1,0
"OTU175.pa",0,1
"OTU180.pa",1,0
"OTU184.pa",1,0
"OTU191.pa",1,0
"OTU192.pa",0,1
"OTU197.pa",1,0
"OTU198.pa",1,0
"OTU201.pa",0,1
"OTU206.pa",0,1
"OTU207.pa",1,0
"OTU209.pa",1,0
"OTU211.pa",1,0
"OTU212.pa",1,0
"OTU216.pa",1,0
"OTU218.pa",1,0
"OTU219.pa",1,0
"OTU221.pa",1,0
"OTU223.pa",1,0
"OTU230.pa",1,0
"OTU233.pa",1,0
"OTU239.pa",1,0
"OTU253.pa",0,1
"OTU263.pa",0,1
"OTU271.pa",0,1
"OTU290.pa",0,1
"OTU309.pa",0,1
"OTU320.pa",0,1
"OTU323.pa",0,1
"OTU332.pa",0,1
"OTU344.pa",0,1
"OTU347.pa",0,1
"OTU350.pa",0,1
"OTU360.pa",0,1
"OTU367.pa",0,1
"OTU368.pa",0,1
"OTU373.pa",0,1
"OTU398.pa",0,1
"OTU409.pa",0,1
"OTU418.pa",0,1
"OTU426.pa",0,1
"OTU429.pa",0,1
"OTU450.pa",0,1
"OTU452.pa",0,1
"OTU457.pa",0,1
"OTU481.pa",0,1
"OTU499.pa",0,1
"OTU502.pa",0,1
"OTU510.pa",0,1
"OTU541.pa",0,1
"OTU568.pa",0,1
"OTU575.pa",0,1
"OTU586.pa",0,1
"OTU604.pa",0,1
"OTU614.pa",0,1
"OTU669.pa",0,1
"OTU672.pa",0,1
"OTU679.pa",0,1
"OTU695.pa",0,1
"OTU713.pa",0,1
"OTU762.pa",0,1
"OTU786.pa",0,1
"OTU807.pa",0,1
"OTU824.pa",0,1
"OTU838.pa",0,1
"OTU843.pa",0,1
"OTU854.pa",0,1
"OTU863.pa",0,1
"OTU901.pa",0,1
"OTU912.pa",0,1
"OTU921.pa",0,1
"OTU1.abund",1,0
"OTU4.abund",1,0
"OTU9.abund",1,0
"OTU10.abund",1,0
"OTU12.abund",1,0
"OTU13.abund",1,0
"OTU19.abund",1,0
"OTU20.abund",1,0
"OTU21.abund",1,0
"OTU22.abund",1,0
"OTU35.abund",1,0
"OTU37.abund",1,0
"OTU39.abund",1,0
"OTU44.abund",0,1
"OTU45.abund",1,0
"OTU47.abund",1,0
"OTU51.abund",1,0
"OTU56.abund",1,0
"OTU57.abund",1,0
"OTU61.abund",1,0
"OTU62.abund",1,0
"OTU64.abund",1,0
"OTU71.abund",1,0
"OTU79.abund",1,0
"OTU82.abund",1,0
"OTU85.abund",1,0
"OTU87.abund",1,0
"OTU93.abund",1,0
"OTU97.abund",1,0
"OTU101.abund",0,1
"OTU102.abund",1,0
"OTU104.abund",0,1
"OTU109.abund",0,1
"OTU115.abund",0,1
"OTU118.abund",1,0
"OTU119.abund",1,0
"OTU125.abund",0,1
"OTU129.abund",1,0
"OTU132.abund",1,0
"OTU141.abund",1,0
"OTU143.abund",0,1
"OTU145.abund",1,0
"OTU147.abund",1,0
"OTU150.abund",1,0
"OTU153.abund",1,0
"OTU159.abund",1,0
"OTU161.abund",1,0
"OTU162.abund",1,0
"OTU172.abund",1,0
"OTU173.abund",1,0
"OTU175.abund",0,1
"OTU180.abund",1,0
"OTU184.abund",1,0
"OTU191.abund",1,0
"OTU192.abund",0,1
"OTU197.abund",1,0
"OTU198.abund",1,0
"OTU201.abund",0,1
"OTU206.abund",0,1
"OTU207.abund",1,0
"OTU209.abund",1,0
"OTU211.abund",1,0
"OTU212.abund",1,0
"OTU216.abund",1,0
"OTU218.abund",1,0
"OTU219.abund",1,0
"OTU221.abund",1,0
"OTU223.abund",1,0
"OTU230.abund",1,0
"OTU233.abund",1,0
"OTU239.abund",1,0
"OTU253.abund",0,1
"OTU263.abund",0,1
"OTU271.abund",0,1
"OTU290.abund",0,1
"OTU309.abund",0,1
"OTU320.abund",0,1
"OTU323.abund",0,1
"OTU332.abund",0,1
"OTU344.abund",0,1
"OTU347.abund",0,1
"OTU350.abund",0,1
"OTU360.abund",0,1
"OTU367.abund",0,1
"OTU368.abund",0,1
"OTU373.abund",0,1
"OTU398.abund",0,1
"OTU409.abund",0,1
"OTU418.abund",0,1
"OTU426.abund",0,1
"OTU429.abund",0,1
"OTU450.abund",0,1
"OTU452.abund",0,1
"OTU457.abund",0,1
"OTU481.abund",0,1
"OTU499.abund",0,1
"OTU502.abund",0,1
"OTU510.abund",0,1
"OTU541.abund",0,1
"OTU568.abund",0,1
"OTU575.abund",0,1
"OTU586.abund",0,1
"OTU604.abund",0,1
"OTU614.abund",0,1
"OTU669.abund",0,1
"OTU672.abund",0,1
"OTU679.abund",0,1
"OTU695.abund",0,1
"OTU713.abund",0,1
"OTU762.abund",0,1
"OTU786.abund",0,1
"OTU807.abund",0,1
"OTU824.abund",0,1
"OTU838.abund",0,1
"OTU843.abund",0,1
"OTU854.abund",0,1
"OTU863.abund",0,1
"OTU901.abund",0,1
"OTU912.abund",0,1
"OTU921.abund",0,1
