"","CN_ratio","Stand_age","Elevation"
"S_008",-0.681710377111943,-0.0386964312378633,-0.299336571474161
"S_011",-0.523233538729981,-0.753092084859957,-0.768014995881711
"S_013",-1.26743869758728,-0.753092084859957,-1.0488170969287
"S_015",-2.16007005133759,-1.46748773848205,-1.68766303405421
"S_017",-0.840980285996827,-1.46748773848205,-1.49443214847612
"S_020",-0.740443348395645,2.10449052962842,1.26178327480793
"S_022",0.0320683268736397,2.10449052962842,1.18944527474665
"S_023",3.45703480187705,-0.0386964312378633,0.232267845551754
"S_027",0.432858706609909,1.39009487600632,1.07031615196914
"S_039",-0.670790406340941,-1.46748773848205,0.491525149729406
"S_044",-1.09764535318286,1.39009487600632,0.450879514225914
"S_055",0.0936075476292183,0.675699222384231,1.27322005023857
"S_058",-0.483458002737281,0.675699222384231,-0.161525800309959
"S_064",0.302154587186041,-1.46748773848205,-0.279041436097247
"S_065",1.25821632981428,-0.753092084859957,-0.568773080340077
"S_077",1.55006627488956,-1.46748773848205,-1.08186985247824
"S_081",0.115905029845986,-0.0386964312378633,-0.642526836142774
"S_082",-0.941120688346549,-1.46748773848205,-0.431776961920934
"S_084",-0.318773862534372,-0.753092084859957,-0.909487749773704
"S_085",0.0523678814772764,-0.753092084859957,-1.31077936458994
"S_088",-1.3773552190211,-0.0386964312378633,0.433360525582163
"S_100",-0.0358459606169652,-0.753092084859957,0.262085717870914
"S_103",-0.623709470907863,-1.46748773848205,0.272525927807597
"S_104",-1.00996530854251,-0.0386964312378633,0.237527496769855
"S_107",1.27374221004456,-0.753092084859957,-0.228153321905874
"S_109",0.0136294376807044,-0.753092084859957,0.481353854291092
"S_117",-0.571595588052395,0.675699222384231,0.726706697053072
"S_118",1.05865233883863,0.675699222384231,1.17480525308543
"S_128",-0.192416379520749,-1.46748773848205,-1.49132381324497
"S_135",0.604832994897369,0.675699222384231,0.96438756736158
"S_150",0.458862268292254,-0.753092084859957,0.691399805267201
"S_155",0.0865309185262221,1.39009487600632,0.538316272445625
"S_157",0.264651503211328,1.39009487600632,0.627967620651906
"S_158",0.5372999913024,-0.753092084859957,0.893180590043438
"S_161",-0.22603036775998,1.39009487600632,-0.271511830142913
"S_163",1.7142318689944,0.675699222384231,0.293611988179713
"S_167",0.129265217549055,-0.753092084859957,0.607213748777775
"S_173",0.489944531464465,-0.0386964312378633,-0.241535772824712
"S_176",0.647018245110487,1.39009487600632,0.896470838023483
"S_184",-0.244728530001947,-0.0386964312378633,-0.217017097973413
"S_187",0.833908359395211,-0.0386964312378633,-1.38227898415631
"S_189",0.744245638497554,0.675699222384231,-0.132364395736817
"S_191",-0.596562057538612,0.675699222384231,-0.175746631723712
"S_202",-0.486386263055762,-1.46748773848205,-2.01586527006372
"S_208",3.55856307760688,-1.46748773848205,-2.15530534671805
"S_247",-0.376668009247675,0.675699222384231,0.386150212618486
"S_260",2.63788448049362,0.675699222384231,0.209758120188272
"S_262",0.809506190074536,0.675699222384231,-1.11002678230747
"S_263",-0.184439920424053,-0.0386964312378633,-1.21099626719511
"S_266",0.261235199506433,-0.0386964312378633,-1.0994204781218
