"","X","Y"
"S_008",607576.838,6707785.031
"S_011",608120.477,6707591.551
"S_013",608001.122,6707419.333
"S_015",609451.815,6707189.814
"S_017",609410.007,6707166.117
"S_020",609885.909,6706724.581
"S_022",605849.583,6706599.596
"S_023",597268.235,6706548.438
"S_027",597217.19,6706215.896
"S_039",610630.328,6705520.872
"S_044",609916.13,6705096.085
"S_055",600271.574,6704258.221
"S_058",602025.614,6703954.21
"S_064",606361.034,6703701.289
"S_065",602649.024,6703672.431
"S_077",604155.15,6702991.842
"S_081",601759.193,6702881.559
"S_082",598610.121,6702542.701
"S_084",608795.186,6702455.017
"S_085",602611.402,6702390.831
"S_088",605046.434,6702310.057
"S_100",604413.3,6701506.518
"S_103",597393.774,6701314.381
"S_104",598371.272,6701221.396
"S_107",606817.283,6701017.034
"S_109",599288.093,6700839.346
"S_117",600633.754,6700113.144
"S_118",599655.393,6700083.374
"S_128",607512.66,6699198.053
"S_135",603134.297,6698578.468
"S_150",611133.666,6697347.938
"S_155",605628.056,6697046.43
"S_157",605489.9,6696980.849
"S_158",606671.708,6696931.165
"S_161",602422.231,6696807.592
"S_163",601077.318,6696776.59
"S_167",605140.715,6696080.913
"S_173",608951.854,6695450.479
"S_176",605188.999,6695036.448
"S_184",603512.077,6694271.246
"S_187",601646.185,6693944.152
"S_189",607056.754,6693511.787
"S_191",602688.8,6693363.033
"S_202",606738.359,6692415.824
"S_208",607592.041,6691830.371
"S_247",608572.144,6688225.083
"S_260",603908.679,6686801.855
"S_262",604651.004,6686484.491
"S_263",606007.468,6686388.828
"S_266",607939.684,6685964.869
