"","OTU1.pa","OTU4.pa","OTU9.pa","OTU10.pa","OTU12.pa","OTU13.pa","OTU19.pa","OTU20.pa","OTU21.pa","OTU22.pa","OTU35.pa","OTU37.pa","OTU39.pa","OTU44.pa","OTU45.pa","OTU47.pa","OTU51.pa","OTU56.pa","OTU57.pa","OTU61.pa","OTU62.pa","OTU64.pa","OTU71.pa","OTU79.pa","OTU82.pa","OTU85.pa","OTU87.pa","OTU93.pa","OTU97.pa","OTU101.pa","OTU102.pa","OTU104.pa","OTU109.pa","OTU115.pa","OTU118.pa","OTU119.pa","OTU125.pa","OTU129.pa","OTU132.pa","OTU141.pa","OTU143.pa","OTU145.pa","OTU147.pa","OTU150.pa","OTU153.pa","OTU159.pa","OTU161.pa","OTU162.pa","OTU172.pa","OTU173.pa","OTU175.pa","OTU180.pa","OTU184.pa","OTU191.pa","OTU192.pa","OTU197.pa","OTU198.pa","OTU201.pa","OTU206.pa","OTU207.pa","OTU209.pa","OTU211.pa","OTU212.pa","OTU216.pa","OTU218.pa","OTU219.pa","OTU221.pa","OTU223.pa","OTU230.pa","OTU233.pa","OTU239.pa","OTU253.pa","OTU263.pa","OTU271.pa","OTU290.pa","OTU309.pa","OTU320.pa","OTU323.pa","OTU332.pa","OTU344.pa","OTU347.pa","OTU350.pa","OTU360.pa","OTU367.pa","OTU368.pa","OTU373.pa","OTU398.pa","OTU409.pa","OTU418.pa","OTU426.pa","OTU429.pa","OTU450.pa","OTU452.pa","OTU457.pa","OTU481.pa","OTU499.pa","OTU502.pa","OTU510.pa","OTU541.pa","OTU568.pa","OTU575.pa","OTU586.pa","OTU604.pa","OTU614.pa","OTU669.pa","OTU672.pa","OTU679.pa","OTU695.pa","OTU713.pa","OTU762.pa","OTU786.pa","OTU807.pa","OTU824.pa","OTU838.pa","OTU843.pa","OTU854.pa","OTU863.pa","OTU901.pa","OTU912.pa","OTU921.pa","OTU1.abund","OTU4.abund","OTU9.abund","OTU10.abund","OTU12.abund","OTU13.abund","OTU19.abund","OTU20.abund","OTU21.abund","OTU22.abund","OTU35.abund","OTU37.abund","OTU39.abund","OTU44.abund","OTU45.abund","OTU47.abund","OTU51.abund","OTU56.abund","OTU57.abund","OTU61.abund","OTU62.abund","OTU64.abund","OTU71.abund","OTU79.abund","OTU82.abund","OTU85.abund","OTU87.abund","OTU93.abund","OTU97.abund","OTU101.abund","OTU102.abund","OTU104.abund","OTU109.abund","OTU115.abund","OTU118.abund","OTU119.abund","OTU125.abund","OTU129.abund","OTU132.abund","OTU141.abund","OTU143.abund","OTU145.abund","OTU147.abund","OTU150.abund","OTU153.abund","OTU159.abund","OTU161.abund","OTU162.abund","OTU172.abund","OTU173.abund","OTU175.abund","OTU180.abund","OTU184.abund","OTU191.abund","OTU192.abund","OTU197.abund","OTU198.abund","OTU201.abund","OTU206.abund","OTU207.abund","OTU209.abund","OTU211.abund","OTU212.abund","OTU216.abund","OTU218.abund","OTU219.abund","OTU221.abund","OTU223.abund","OTU230.abund","OTU233.abund","OTU239.abund","OTU253.abund","OTU263.abund","OTU271.abund","OTU290.abund","OTU309.abund","OTU320.abund","OTU323.abund","OTU332.abund","OTU344.abund","OTU347.abund","OTU350.abund","OTU360.abund","OTU367.abund","OTU368.abund","OTU373.abund","OTU398.abund","OTU409.abund","OTU418.abund","OTU426.abund","OTU429.abund","OTU450.abund","OTU452.abund","OTU457.abund","OTU481.abund","OTU499.abund","OTU502.abund","OTU510.abund","OTU541.abund","OTU568.abund","OTU575.abund","OTU586.abund","OTU604.abund","OTU614.abund","OTU669.abund","OTU672.abund","OTU679.abund","OTU695.abund","OTU713.abund","OTU762.abund","OTU786.abund","OTU807.abund","OTU824.abund","OTU838.abund","OTU843.abund","OTU854.abund","OTU863.abund","OTU901.abund","OTU912.abund","OTU921.abund"
"S_008",0,0,0,1,0,0,1,1,1,0,1,0,0,1,0,0,0,0,0,0,0,0,0,0,0,0,0,0,0,1,0,1,0,1,0,0,1,0,0,1,1,0,0,0,0,0,0,0,0,0,0,0,0,0,1,0,0,1,0,1,0,0,0,0,0,0,0,0,1,0,0,0,0,0,0,1,0,0,0,0,0,0,0,0,0,1,0,0,1,0,1,0,0,0,1,0,0,0,0,0,0,0,1,1,1,0,0,1,1,0,0,0,0,0,0,0,0,0,1,0,NA,NA,NA,1.50478555371213,NA,NA,1.1793631532775,2.16976185730538,3.69581816080043,NA,1.65893623353939,NA,NA,2.65746506365051,NA,NA,NA,NA,NA,NA,NA,NA,NA,NA,NA,NA,NA,NA,NA,-1.38558620418404,NA,0.91699888881001,NA,0.223851708250065,NA,NA,1.01230906861434,NA,NA,3.39353728892749,0.000708156935855131,NA,NA,NA,NA,NA,NA,NA,NA,NA,NA,NA,NA,NA,1.38700251805575,NA,NA,3.39353728892749,NA,2.7888010657116,NA,NA,NA,NA,NA,NA,NA,NA,1.32246399691817,NA,NA,NA,NA,NA,NA,-1.38558620418404,NA,NA,NA,NA,NA,NA,NA,NA,NA,-1.38558620418404,NA,NA,0.560323944871278,NA,0.6938553374958,NA,NA,NA,0.560323944871278,NA,NA,NA,NA,NA,NA,NA,-1.38558620418404,0.000708156935855131,-1.38558620418404,NA,NA,2.58470570936809,-1.38558620418404,NA,NA,NA,NA,NA,NA,NA,NA,NA,0.000708156935855131,NA
"S_011",0,0,0,1,0,0,1,0,0,0,1,0,1,1,1,0,0,0,1,0,0,0,0,0,0,0,1,0,0,0,0,1,0,1,0,0,1,0,0,0,0,1,0,0,0,0,0,1,0,0,1,0,0,0,1,0,0,1,0,1,0,1,0,0,1,0,0,0,0,0,0,1,0,0,0,0,0,0,0,0,0,0,0,0,0,1,1,0,1,1,1,0,0,0,1,0,0,0,1,0,1,1,0,1,1,0,0,1,1,0,0,0,0,0,0,0,0,1,1,0,NA,NA,NA,0.838301929700507,NA,NA,2.9585654659006,NA,NA,NA,1.77657156829344,NA,0.720518894044123,2.71861479627001,1.89917389038577,NA,NA,NA,3.31390618682619,NA,NA,NA,NA,NA,NA,NA,3.15193685888114,NA,NA,NA,NA,0.943662445358333,NA,1.97328186253949,NA,NA,-0.260310358967603,NA,NA,NA,NA,0.0273717134841778,NA,NA,NA,NA,NA,2.1964254138537,NA,NA,5.72110385228688,NA,NA,NA,-1.35892264763571,NA,NA,1.58551633153073,NA,2.9037572294056,NA,-1.35892264763571,NA,NA,-1.35892264763571,NA,NA,NA,NA,NA,NA,-1.35892264763571,NA,NA,NA,NA,NA,NA,NA,NA,NA,NA,NA,NA,NA,-0.665775467075768,5.0479573384336,NA,-0.260310358967603,-0.260310358967603,1.28013468197955,NA,NA,NA,0.250515264798387,NA,NA,NA,-0.260310358967603,NA,1.41366607460407,-0.665775467075768,NA,0.720518894044123,0.250515264798387,NA,NA,-0.260310358967603,0.5869875014196,NA,NA,NA,NA,NA,NA,NA,NA,-1.35892264763571,0.0273717134841778,NA
"S_013",0,0,0,1,0,0,1,0,0,0,1,0,1,1,0,0,0,0,0,0,0,0,0,0,0,0,0,1,0,1,0,1,0,1,1,0,1,0,0,0,1,0,0,0,0,0,0,0,0,0,1,0,0,0,0,0,0,1,0,1,0,0,0,0,0,0,0,1,1,0,0,1,1,1,0,0,1,1,0,1,0,0,1,0,0,1,1,0,1,1,1,0,0,0,1,0,0,0,0,0,1,0,0,0,1,1,0,0,1,1,0,0,0,0,0,0,0,1,1,0,NA,NA,NA,0.871956992294081,NA,NA,2.56143761240172,NA,NA,NA,2.81786714134939,NA,3.80758534177837,2.37603438907036,NA,NA,NA,NA,NA,NA,NA,NA,NA,NA,NA,NA,NA,-0.226655296374028,NA,0.178809811734136,NA,-0.226655296374028,NA,1.68288720851041,3.83808879607178,NA,0.784945615304452,NA,NA,NA,-1.61294965749392,NA,NA,NA,NA,NA,NA,NA,NA,NA,3.68536770905412,NA,NA,NA,NA,NA,NA,2.17123997642434,NA,1.27742210040225,NA,NA,NA,NA,NA,NA,NA,-1.61294965749392,0.466491884185917,NA,NA,0.332960491561394,3.27739947072783,-0.919802476933974,NA,NA,-0.00351174505981877,-1.61294965749392,NA,0.178809811734136,NA,NA,-1.61294965749392,NA,NA,-0.226655296374028,0.466491884185917,NA,1.15963906474586,1.4315727802295,0.332960491561394,NA,NA,NA,-1.61294965749392,NA,NA,NA,NA,NA,0.951999699967618,NA,NA,NA,-0.919802476933974,-0.00351174505981877,NA,NA,-0.00351174505981877,-0.00351174505981877,NA,NA,NA,NA,NA,NA,NA,1.02610767212134,-0.919802476933974,NA
"S_015",0,0,1,1,0,0,1,0,0,0,1,1,1,1,0,0,0,0,0,0,0,0,0,0,0,0,0,0,0,1,0,1,0,1,1,0,1,0,0,0,0,0,0,0,0,0,0,0,0,1,0,0,0,0,0,0,0,0,0,0,0,0,0,0,0,0,0,0,0,0,0,1,0,1,0,0,0,1,0,1,0,0,1,1,0,0,0,0,0,0,1,0,0,0,0,0,0,1,0,0,1,0,0,0,1,0,0,1,1,0,0,0,0,0,0,0,0,1,0,0,NA,NA,-0.187009032753902,2.2978976170341,NA,NA,3.08635497739837,NA,NA,NA,-0.410152584068112,-0.00468747595994734,1.86711470094164,1.91712512151631,NA,NA,NA,NA,NA,NA,NA,NA,NA,NA,NA,NA,NA,NA,NA,-0.00468747595994734,NA,0.911603255914208,NA,0.506138147806044,3.57883146249616,NA,-0.00468747595994734,NA,NA,NA,NA,NA,NA,NA,NA,NA,NA,NA,NA,-0.697834656519893,NA,NA,NA,NA,NA,NA,NA,NA,NA,NA,NA,NA,NA,NA,NA,NA,NA,NA,NA,NA,NA,-0.697834656519893,NA,-0.697834656519893,NA,NA,NA,-0.697834656519893,NA,-0.410152584068112,NA,NA,0.768502412273534,-0.697834656519893,NA,NA,NA,NA,NA,NA,0.768502412273534,NA,NA,NA,NA,NA,NA,-1.796446945188,NA,NA,-1.796446945188,NA,NA,NA,-1.10329976462806,NA,NA,0.149463203867311,0.768502412273534,NA,NA,NA,NA,NA,NA,NA,NA,0.282994596491833,NA,NA
"S_017",1,1,0,1,0,0,1,0,0,0,1,0,0,1,0,0,0,0,0,0,0,0,0,0,1,0,0,0,0,0,0,0,1,1,0,0,1,0,0,0,1,0,0,0,0,0,0,0,0,0,0,0,0,0,1,1,0,1,0,1,0,0,0,0,1,0,0,0,1,0,0,1,1,0,0,0,1,0,0,1,0,0,0,0,0,1,0,0,0,1,0,0,0,0,0,0,0,0,1,0,1,1,1,1,1,0,0,0,1,0,0,0,0,0,0,0,0,1,0,0,0.844375974472433,1.71984471182633,NA,1.31437960371817,NA,NA,-0.765061937961668,NA,NA,NA,2.0971389429678,NA,NA,0.844375974472433,NA,NA,NA,NA,NA,NA,NA,NA,NA,NA,-0.765061937961668,NA,NA,NA,NA,NA,NA,NA,-0.359596829853503,1.10674023893992,NA,NA,3.08508566374839,NA,NA,NA,-0.359596829853503,NA,NA,NA,NA,NA,NA,NA,NA,NA,NA,NA,NA,NA,-0.359596829853503,1.18084821109365,NA,-0.359596829853503,NA,2.43361117958901,NA,NA,NA,NA,0.333550350706442,NA,NA,NA,-1.45820911852161,NA,NA,-0.0719147574017227,0.939686154276757,NA,NA,NA,-0.765061937961668,NA,NA,1.02669753126639,NA,NA,NA,NA,NA,-1.45820911852161,NA,NA,NA,-1.45820911852161,NA,NA,NA,NA,NA,NA,NA,NA,-1.45820911852161,NA,0.151228793912487,0.151228793912487,1.31437960371817,-0.0719147574017227,-0.765061937961668,NA,NA,NA,-1.45820911852161,NA,NA,NA,NA,NA,NA,NA,NA,0.939686154276757,NA,NA
"S_020",1,1,0,1,0,0,1,0,0,0,1,0,0,1,0,0,0,0,0,0,0,0,0,0,0,1,1,0,0,0,0,1,1,1,0,0,0,0,0,1,1,0,0,0,0,0,0,1,0,1,0,0,0,0,0,1,0,1,0,0,0,1,0,0,0,0,0,0,1,0,0,0,1,0,0,0,1,0,0,0,0,0,0,0,0,0,0,0,0,1,1,0,0,1,1,0,0,0,0,0,1,0,0,0,1,0,0,0,1,0,0,0,0,0,1,0,0,0,1,0,0.30419695227644,-0.101268155831724,NA,0.746029704555479,NA,NA,0.186413916620056,NA,NA,NA,0.186413916620056,NA,NA,2.80745274073264,NA,NA,NA,NA,NA,NA,NA,NA,NA,NA,NA,-1.19988044449983,0.940185718996437,NA,NA,NA,NA,-1.19988044449983,-1.19988044449983,1.28502620528817,NA,NA,NA,NA,NA,-0.506733263939889,0.671921732401757,NA,NA,NA,NA,NA,NA,2.75136327408159,NA,0.186413916620056,NA,NA,NA,NA,NA,0.940185718996437,NA,0.671921732401757,NA,NA,NA,0.591879024728221,NA,NA,NA,NA,NA,NA,-0.79441533639167,NA,NA,NA,-0.79441533639167,NA,NA,NA,3.16321818028853,NA,NA,NA,NA,NA,NA,NA,NA,NA,NA,NA,NA,0.504867647738591,0.940185718996437,NA,NA,-0.79441533639167,0.30419695227644,NA,NA,NA,NA,NA,0.504867647738591,NA,NA,NA,-0.506733263939889,NA,NA,NA,0.186413916620056,NA,NA,NA,NA,NA,-0.79441533639167,NA,NA,NA,0.409557467934267,NA
"S_022",1,1,0,1,1,0,0,1,0,0,1,0,1,1,0,0,0,0,0,0,0,0,0,0,1,0,0,0,1,1,0,1,1,1,0,0,1,1,0,0,1,0,0,0,1,1,1,0,0,0,0,0,1,1,1,0,0,1,1,0,1,0,0,0,1,0,0,0,0,0,0,0,0,0,0,1,1,1,0,0,1,1,1,0,0,1,0,0,0,1,0,0,0,0,0,0,0,1,1,1,1,0,0,1,0,0,0,1,1,0,0,1,0,0,1,0,0,0,1,0,4.29613196184098,2.63330617598882,NA,3.02796036799277,2.6650548743034,NA,NA,3.89979933729609,NA,NA,2.90062094561617,NA,1.21422199204594,-0.800681028496323,NA,NA,NA,NA,NA,NA,NA,NA,NA,NA,0.703396368279951,NA,NA,NA,3.31835614631615,-1.49382820905627,NA,-0.107533847936378,0.808756883937777,-1.49382820905627,NA,NA,1.68422562129168,-0.395215920388159,NA,NA,-1.49382820905627,NA,NA,NA,0.297931260171787,2.88819842561761,0.904067063742102,NA,NA,NA,NA,NA,-1.49382820905627,2.33481318743283,1.07112114840527,NA,NA,-1.49382820905627,-1.49382820905627,NA,2.35631939265379,NA,NA,NA,0.585613332623567,NA,NA,NA,NA,NA,NA,NA,NA,NA,NA,0.297931260171787,-1.49382820905627,-1.49382820905627,NA,NA,0.585613332623567,-1.49382820905627,0.115609703377832,NA,NA,2.53152348167888,NA,NA,NA,0.115609703377832,NA,NA,NA,NA,NA,NA,NA,0.585613332623567,1.07112114840527,-1.49382820905627,-0.395215920388159,NA,NA,-1.49382820905627,NA,NA,NA,1.3965435488399,0.297931260171787,NA,NA,-0.395215920388159,NA,NA,-1.49382820905627,NA,NA,NA,-0.800681028496323,NA
"S_023",1,1,0,1,0,1,0,0,0,0,0,0,0,0,0,0,0,0,0,0,0,0,0,0,0,0,0,0,0,0,0,0,1,0,0,0,0,0,0,0,0,0,0,0,0,0,0,0,0,0,0,0,0,0,0,0,1,0,0,0,0,0,0,1,0,0,0,0,1,0,0,0,0,0,0,0,0,1,0,0,0,1,0,0,0,0,0,1,0,0,0,1,0,0,0,0,0,0,0,0,0,0,0,0,0,0,0,0,0,0,0,0,0,0,0,0,0,0,0,0,1.15030450058521,1.73368101500977,NA,0.000919886543674142,NA,0.467009616468273,NA,NA,NA,NA,NA,NA,NA,NA,NA,NA,NA,NA,NA,NA,NA,NA,NA,NA,NA,NA,NA,NA,NA,NA,NA,NA,-0.899866658794516,NA,NA,NA,NA,NA,NA,NA,NA,NA,NA,NA,NA,NA,NA,NA,NA,NA,NA,NA,NA,NA,NA,NA,1.12015146241452,NA,NA,NA,NA,NA,NA,0.0615445083601092,NA,NA,NA,NA,1.09953217521178,NA,NA,NA,NA,NA,NA,NA,NA,0.341846473514267,NA,NA,NA,0.0316915452104278,NA,NA,NA,NA,NA,-0.631602672199836,NA,NA,NA,-2.36620372758794,NA,NA,NA,NA,NA,NA,NA,NA,NA,NA,NA,NA,NA,NA,NA,NA,NA,NA,NA,NA,NA,NA,NA,NA,NA,NA,NA,NA
"S_027",1,0,0,0,0,0,0,0,0,0,0,0,0,0,0,0,0,0,0,0,0,0,0,0,0,0,1,0,0,0,0,0,0,0,0,0,0,0,0,0,1,0,0,0,1,0,1,0,0,0,0,0,0,0,0,0,0,0,0,0,0,0,0,0,0,0,0,0,0,0,0,0,0,0,0,1,0,0,0,0,0,0,0,0,0,0,0,0,0,0,0,0,0,0,0,0,0,0,0,0,0,0,0,0,0,0,0,0,0,0,0,0,0,0,0,0,0,0,0,0,0.82926707278338,NA,NA,NA,NA,NA,NA,NA,NA,NA,NA,NA,NA,NA,NA,NA,NA,NA,NA,NA,NA,NA,NA,NA,NA,NA,1.81480221683252,NA,NA,NA,NA,NA,NA,NA,NA,NA,NA,NA,NA,NA,0.308962705062846,NA,NA,NA,0.69842747182457,NA,1.54572533221177,NA,NA,NA,NA,NA,NA,NA,NA,NA,NA,NA,NA,NA,NA,NA,NA,NA,NA,NA,NA,NA,NA,NA,NA,NA,NA,NA,NA,-0.501967511153483,NA,NA,NA,NA,NA,NA,NA,NA,NA,NA,NA,NA,NA,NA,NA,NA,NA,NA,NA,NA,NA,NA,NA,NA,NA,NA,NA,NA,NA,NA,NA,NA,NA,NA,NA,NA,NA,NA,NA,NA,NA,NA,NA,NA
"S_039",1,1,1,1,0,0,1,0,0,0,1,0,0,1,0,0,0,0,0,0,0,0,0,0,0,0,0,0,0,1,0,1,1,1,0,0,0,0,0,0,1,0,0,0,0,0,0,0,0,0,0,0,0,0,0,0,0,1,1,0,0,0,0,0,1,0,0,0,0,0,0,0,1,0,0,0,0,0,0,0,0,0,1,0,0,0,0,0,0,1,1,1,1,0,1,0,0,0,0,1,1,1,1,1,1,0,0,0,1,0,0,0,0,0,1,0,1,1,0,0,3.31383629818043,1.63985986460876,0.407716183316128,1.02675539172235,NA,NA,3.53071023648105,NA,NA,NA,2.22300614995438,NA,NA,1.79401054443602,NA,NA,NA,NA,NA,NA,NA,NA,NA,NA,NA,NA,NA,NA,NA,1.02675539172235,NA,0.946712684048816,0.407716183316128,2.01715409575023,NA,NA,NA,NA,NA,NA,1.16985623536303,NA,NA,NA,NA,NA,NA,NA,NA,NA,NA,NA,NA,NA,NA,NA,NA,2.01715409575023,2.91615333051432,NA,NA,NA,NA,NA,0.541247575940651,NA,NA,NA,NA,NA,NA,NA,-0.439581677071075,NA,NA,NA,NA,NA,NA,NA,NA,NA,-0.439581677071075,NA,NA,NA,NA,NA,NA,-1.53819396573918,-0.845046785179239,-0.439581677071075,-1.53819396573918,NA,-0.151899604619294,NA,NA,NA,NA,-0.439581677071075,0.764391127254861,-0.439581677071075,-0.845046785179239,-0.845046785179239,0.659030611597035,NA,NA,NA,0.659030611597035,NA,NA,NA,NA,NA,-0.439581677071075,NA,-0.845046785179239,-0.845046785179239,NA,NA
"S_044",1,1,1,1,0,0,1,0,0,0,1,1,1,1,0,0,0,0,0,0,0,0,0,0,0,0,0,1,0,0,1,1,1,1,0,0,1,1,0,0,1,0,0,0,0,0,0,0,1,0,0,1,0,0,1,0,0,0,1,1,0,0,0,0,1,0,0,0,0,0,0,1,0,0,0,0,1,0,0,0,1,0,1,0,0,0,0,1,0,1,0,1,0,0,0,1,0,1,1,0,1,0,1,0,0,1,0,0,0,0,0,0,0,0,0,0,0,0,1,0,2.74106260263219,1.91786229382405,-0.0562187321979586,0.280253504423254,NA,NA,0.126102824595996,NA,NA,NA,2.63840844857211,-0.972509464072114,0.899292712829478,-1.66565664463206,NA,NA,NA,NA,NA,NA,NA,NA,NA,NA,NA,NA,NA,0.531567932704161,NA,NA,-0.972509464072114,-1.66565664463206,-0.279362283512168,0.899292712829478,NA,NA,2.14100584513826,0.413784897047777,NA,NA,-0.567044355963949,NA,NA,NA,NA,NA,NA,NA,-0.972509464072114,NA,NA,-0.972509464072114,NA,NA,-1.66565664463206,NA,NA,NA,0.126102824595996,0.732238628166312,NA,NA,NA,NA,-1.66565664463206,NA,NA,NA,NA,NA,NA,0.732238628166312,NA,NA,NA,NA,1.94526126801217,NA,NA,NA,-0.279362283512168,NA,0.732238628166312,NA,NA,NA,NA,-0.972509464072114,NA,1.33007562892193,NA,0.126102824595996,NA,NA,NA,-0.567044355963949,NA,3.44028882926852,-0.972509464072114,NA,-0.567044355963949,NA,0.9734006849832,NA,NA,-0.279362283512168,NA,NA,NA,NA,NA,NA,NA,NA,NA,NA,NA,NA,-1.66565664463206,NA
"S_055",1,1,1,1,0,1,0,0,0,0,1,1,0,0,0,0,0,0,0,1,0,0,1,0,1,1,0,0,0,1,0,0,1,0,0,0,1,0,1,0,1,0,0,0,1,0,1,0,0,1,0,1,0,0,0,0,0,1,1,0,0,0,0,0,0,0,0,0,0,0,0,0,0,0,1,1,0,1,0,1,0,1,1,0,0,0,0,0,0,1,0,0,0,1,0,0,0,0,0,0,0,0,0,0,1,0,1,0,0,0,0,0,0,0,0,0,0,0,0,0,3.40312420760824,2.40987243459795,5.07292526976943,1.13690675878507,NA,1.83005393934501,NA,NA,NA,NA,-0.809003390270248,-1.50215057083019,NA,NA,NA,NA,NA,NA,NA,0.895744701968178,NA,NA,-0.403538282162083,NA,0.800434522163853,4.224697176757,NA,NA,NA,1.67590325951775,NA,NA,-0.115856209710302,NA,NA,NA,2.89229858384225,NA,3.35766183353148,NA,-0.809003390270248,NA,NA,NA,-1.50215057083019,NA,3.29363997476655,NA,NA,-1.50215057083019,NA,1.13690675878507,NA,NA,NA,NA,NA,-1.50215057083019,2.34799703087987,NA,NA,NA,NA,NA,NA,NA,NA,NA,NA,NA,NA,NA,NA,NA,0.695074006506027,-1.50215057083019,NA,-0.403538282162083,NA,-0.115856209710302,NA,-1.50215057083019,-0.115856209710302,NA,NA,NA,NA,NA,NA,-0.403538282162083,NA,NA,NA,-1.50215057083019,NA,NA,NA,NA,NA,NA,NA,NA,NA,NA,-1.50215057083019,NA,-0.403538282162083,NA,NA,NA,NA,NA,NA,NA,NA,NA,NA,NA,NA,NA
"S_058",1,1,0,1,0,1,0,0,1,1,1,0,0,1,0,0,0,1,0,0,0,0,0,0,0,1,0,0,0,1,0,0,1,1,0,0,1,1,1,0,0,0,0,1,0,1,1,0,0,0,0,0,0,0,0,1,0,1,0,0,0,0,1,0,1,0,0,0,0,0,1,1,0,1,1,1,1,1,0,1,0,0,1,1,0,0,0,1,0,1,1,0,0,0,1,0,0,0,1,0,0,0,1,0,1,0,1,0,1,0,0,0,0,0,0,0,0,0,0,0,4.67835815770539,3.80329014165519,NA,1.72384859997535,NA,3.97108359788623,NA,NA,-1.53424793804613,2.04927100040998,2.0766699745981,NA,NA,-0.147953576926238,NA,NA,NA,3.21068419031712,NA,NA,NA,NA,NA,NA,NA,-0.841100757486183,NA,NA,NA,0.257511531181926,NA,NA,1.35612381985004,-0.841100757486183,NA,NA,2.96556173228414,2.43604397550599,2.93166018060846,NA,NA,NA,NA,3.97514039858185,NA,1.55679451531219,2.0766699745981,NA,NA,NA,NA,NA,NA,NA,NA,-0.435635649378019,NA,2.57662592612718,NA,NA,NA,NA,-1.53424793804613,NA,0.950658711741872,NA,NA,NA,NA,NA,2.17932412865818,-0.841100757486183,NA,-1.53424793804613,-1.53424793804613,1.23834078419365,-0.841100757486183,2.17932412865818,NA,-0.435635649378019,NA,NA,1.68462788682207,1.7615889279582,NA,NA,NA,1.03070141941541,NA,0.0751899743879718,-1.53424793804613,NA,NA,NA,-0.841100757486183,NA,NA,NA,0.411662211009185,NA,NA,NA,-1.53424793804613,NA,-0.435635649378019,NA,1.35612381985004,NA,-0.147953576926238,NA,NA,NA,NA,NA,NA,NA,NA,NA,NA,NA
"S_064",1,1,1,1,0,0,1,0,0,1,1,0,1,1,0,0,0,0,0,0,0,0,0,1,0,0,0,1,0,0,0,1,1,1,0,0,1,1,1,0,0,0,0,0,0,0,0,0,0,0,0,0,0,0,0,0,0,0,1,0,0,0,0,0,1,0,0,0,0,0,0,1,0,0,0,0,0,0,1,1,1,0,1,1,0,1,0,0,1,1,0,1,0,1,1,0,0,0,1,0,0,0,1,0,0,0,0,0,0,0,0,1,0,1,1,0,1,0,0,0,4.64051226926853,2.72977573439148,5.45276751549189,2.98466798402027,NA,NA,1.49301310724256,NA,NA,-1.39735865065361,2.43128274583549,NA,4.18989000774664,0.548551498401704,NA,NA,NA,NA,NA,NA,NA,NA,NA,-1.39735865065361,NA,NA,NA,0.394400818574446,NA,NA,NA,0.682082891026227,1.08754799913439,0.79986592668261,NA,NA,2.21355926199062,-0.704211470093664,-1.39735865065361,NA,NA,NA,NA,NA,NA,NA,NA,NA,NA,NA,NA,NA,NA,NA,NA,NA,NA,NA,0.79986592668261,NA,NA,NA,NA,NA,1.96993717933287,NA,NA,NA,NA,NA,NA,1.59837362290038,NA,NA,NA,NA,NA,NA,-1.39735865065361,-0.0110642895337185,0.79986592668261,NA,0.394400818574446,-0.704211470093664,NA,-0.0110642895337185,NA,NA,0.548551498401704,1.00053662214476,NA,2.09914891081287,NA,1.69368380270471,-1.39735865065361,NA,NA,NA,-1.39735865065361,NA,NA,NA,1.16759070680793,NA,NA,NA,NA,NA,NA,NA,NA,2.00383873100855,NA,-0.704211470093664,-1.39735865065361,NA,-0.298746361985499,NA,NA,NA
"S_065",1,1,1,1,1,0,0,0,1,1,1,1,0,1,1,0,0,0,0,1,0,0,0,0,0,0,0,0,0,0,0,0,1,0,0,0,0,0,0,0,1,0,0,0,0,1,0,1,1,1,0,0,0,0,0,0,1,0,0,0,0,0,0,0,0,0,0,0,1,0,0,0,0,0,0,0,1,0,1,0,1,1,0,0,1,1,0,0,1,0,0,0,0,1,0,0,0,0,0,1,0,0,1,1,0,0,0,0,0,0,0,1,0,0,1,0,0,0,0,0,3.17677750911968,2.51348329170942,1.57738993253908,2.34285777467865,2.60700934972024,NA,NA,NA,3.13553455058563,0.19109557141919,-1.41834234101491,2.1651765974412,NA,-1.41834234101491,2.81576416358235,NA,NA,NA,NA,1.80053348385329,NA,NA,NA,NA,NA,NA,NA,NA,NA,NA,NA,NA,2.04739356178482,NA,NA,NA,NA,NA,NA,NA,0.19109557141919,NA,NA,NA,NA,2.24521930511474,NA,0.97955293178346,3.78566434606188,5.3840524223094,NA,NA,NA,NA,NA,NA,-0.725195160454965,NA,NA,NA,NA,NA,NA,NA,NA,NA,NA,NA,1.14660701644663,NA,NA,NA,NA,NA,NA,NA,-1.41834234101491,NA,0.661099200664925,NA,-0.319730052346801,1.22071498860035,NA,NA,-1.41834234101491,0.527567808040403,NA,NA,-0.319730052346801,NA,NA,NA,NA,-0.0320479798950197,NA,NA,NA,NA,NA,-1.41834234101491,NA,NA,1.22071498860035,-0.725195160454965,NA,NA,NA,NA,NA,NA,NA,0.19109557141919,NA,NA,-0.725195160454965,NA,NA,NA,NA,NA
"S_077",1,1,1,1,1,1,0,0,1,1,0,1,0,1,0,0,0,0,0,1,0,0,0,0,0,0,0,1,0,1,0,0,1,0,0,1,0,0,0,0,1,0,0,0,0,1,0,0,0,1,0,1,1,0,0,1,1,0,0,0,0,0,1,0,1,0,0,0,0,1,0,0,0,0,0,1,0,1,0,0,0,1,0,1,0,1,0,1,1,0,0,0,0,1,0,1,0,0,0,0,0,0,0,0,0,0,1,0,0,0,1,1,0,0,0,1,0,0,0,0,1.92942974372834,2.72101699710154,3.77706967135085,2.86619900694604,3.91872018841388,3.05077028347401,NA,NA,5.02827863797949,2.39077531023096,NA,3.96029661525962,NA,-0.0515717251382433,NA,NA,NA,NA,NA,-1.43786608625813,NA,NA,NA,NA,NA,NA,NA,0.353893382969921,NA,0.864719006735912,NA,NA,0.759358491078086,NA,NA,0.508044062797179,NA,NA,NA,NA,0.171571826175966,NA,NA,NA,NA,-0.0515717251382433,NA,NA,NA,3.34962565652391,NA,0.508044062797179,2.17305182638609,NA,NA,-1.43786608625813,1.50657289290831,NA,NA,NA,NA,NA,1.89433842391707,NA,2.22569555987151,NA,NA,NA,NA,2.90593933559555,NA,NA,NA,NA,NA,-0.744718905698189,NA,-0.339253797590024,NA,NA,NA,1.65317636710018,NA,1.1270832712034,NA,1.04704056352987,NA,-0.0515717251382433,-0.744718905698189,NA,NA,NA,NA,1.04704056352987,NA,2.05864147520835,NA,NA,NA,NA,NA,NA,NA,NA,NA,NA,0.171571826175966,NA,NA,NA,0.171571826175966,-1.43786608625813,NA,NA,NA,-1.43786608625813,NA,NA,NA,NA
"S_081",0,1,1,1,0,0,1,0,1,0,1,0,0,1,0,0,0,0,0,1,0,0,0,0,1,1,1,0,0,1,0,1,1,1,0,0,0,0,0,0,0,0,0,0,0,0,1,0,1,1,0,0,0,0,1,1,0,1,1,1,0,0,0,0,1,0,0,0,1,0,0,1,1,0,0,0,0,1,0,1,1,0,0,0,0,1,1,0,1,1,1,0,0,0,1,0,0,0,0,0,1,1,0,1,1,1,0,0,1,0,0,0,1,0,0,0,1,0,0,0,NA,3.59090581026433,4.3220322388895,1.03238734313309,NA,NA,-0.759372126094966,NA,-0.759372126094966,NA,3.58443329575872,NA,NA,1.6385231467034,NA,NA,NA,NA,NA,3.83574772403962,NA,NA,NA,NA,0.626922235024924,0.156918605779189,3.46746161917321,NA,NA,0.156918605779189,NA,2.67461507839018,-0.353907017986802,1.87968520352029,NA,NA,NA,NA,NA,NA,NA,NA,NA,NA,NA,NA,-0.759372126094966,NA,0.626922235024924,-1.45251930665491,NA,NA,NA,NA,1.03238734313309,1.03238734313309,NA,1.03238734313309,-1.45251930665491,-0.353907017986802,NA,NA,NA,NA,1.91477652333156,NA,NA,NA,1.54321296689908,NA,NA,-0.759372126094966,3.14260054347968,NA,NA,NA,NA,-1.45251930665491,NA,-0.066224945535021,0.339240162573143,NA,NA,NA,NA,0.156918605779189,-1.45251930665491,NA,2.53646473990936,-0.759372126094966,-1.45251930665491,NA,NA,NA,1.32006941558487,NA,NA,NA,NA,NA,0.493390842400402,0.339240162573143,NA,-1.45251930665491,0.156918605779189,-0.066224945535021,NA,NA,-0.759372126094966,NA,NA,NA,1.11243005080663,NA,NA,NA,-0.759372126094966,NA,NA,NA
"S_082",1,1,1,1,0,0,1,0,0,1,1,0,1,1,0,0,0,0,0,0,1,0,0,0,0,1,1,1,0,1,0,1,1,1,0,0,1,1,0,0,1,1,0,0,0,0,0,1,0,0,0,0,0,0,0,0,0,0,1,0,0,0,0,0,0,0,0,0,1,0,0,1,0,1,0,0,0,1,0,1,1,1,1,0,0,0,0,1,1,1,0,0,0,1,1,1,0,0,0,0,1,1,1,0,0,0,0,0,0,0,0,0,0,1,1,0,1,0,1,0,4.75728798179821,1.87855779891753,3.76309900159655,1.5337173126258,NA,NA,2.22686449318575,NA,NA,2.84363869496112,1.5337173126258,NA,4.39423610737229,2.9631838456109,NA,NA,NA,NA,NA,NA,-1.29949603143041,NA,NA,NA,NA,0.779945510249423,4.4874013499363,0.492263437797642,NA,1.4085541696718,NA,1.09839924136796,-1.29949603143041,1.59087572646575,NA,NA,-0.606348850870468,2.19701153003607,NA,NA,0.309941881003687,4.09866667008734,NA,NA,NA,NA,NA,-1.29949603143041,NA,NA,NA,NA,NA,NA,NA,NA,NA,NA,-1.29949603143041,NA,NA,NA,NA,NA,NA,NA,NA,NA,1.33956129818485,NA,NA,1.59087572646575,NA,-0.606348850870468,NA,NA,NA,-1.29949603143041,NA,-1.29949603143041,0.6464141176249,-1.29949603143041,0.6464141176249,NA,NA,NA,NA,1.4085541696718,0.0867983296894776,1.18541061835759,NA,NA,NA,0.0867983296894776,-1.29949603143041,3.79425416937635,NA,NA,NA,NA,-0.606348850870468,-0.606348850870468,-1.29949603143041,NA,NA,NA,NA,NA,NA,NA,NA,NA,NA,0.492263437797642,1.47309269080937,NA,1.09839924136796,NA,-1.29949603143041,NA
"S_084",1,1,0,1,0,0,1,0,0,0,1,0,0,1,0,0,0,0,0,0,0,0,0,1,0,1,1,0,0,0,0,1,1,1,0,0,1,0,0,0,1,0,0,0,0,0,1,0,0,0,0,0,0,0,0,1,0,1,1,1,0,0,0,0,0,0,0,0,0,0,0,1,0,1,0,0,0,1,0,1,0,0,0,1,1,1,0,0,1,1,1,0,0,0,0,1,0,0,1,0,1,0,1,1,0,0,0,0,0,0,0,0,0,0,0,0,0,0,0,0,0.52257976252279,1.6211920511909,NA,2.36840645302112,NA,NA,3.14966090109133,NA,NA,NA,1.36987762290999,NA,NA,2.96492679789199,NA,NA,NA,NA,NA,NA,NA,NA,NA,3.18516758954824,NA,0.340258205728835,2.09811612328121,NA,NA,NA,NA,2.16480749777988,-0.57603252614532,1.77534273101816,NA,NA,-0.57603252614532,NA,NA,NA,1.67525927246118,NA,NA,NA,NA,NA,0.52257976252279,NA,NA,NA,NA,NA,NA,NA,NA,2.77387156112929,NA,0.676730442350048,-1.26917970670527,1.21572694308274,NA,NA,NA,NA,NA,NA,NA,NA,NA,NA,NA,-1.26917970670527,NA,1.36987762290999,NA,NA,NA,-0.57603252614532,NA,-0.170567418037155,NA,NA,NA,1.21572694308274,-1.26917970670527,-0.170567418037155,NA,NA,0.52257976252279,-1.26917970670527,-1.26917970670527,NA,NA,NA,NA,1.72655256684873,NA,NA,-1.26917970670527,NA,0.340258205728835,NA,-0.170567418037155,-0.170567418037155,NA,NA,NA,NA,NA,NA,NA,NA,NA,NA,NA,NA,NA,NA,NA,NA
"S_085",1,1,0,1,1,0,1,1,0,1,1,0,0,1,0,0,0,0,0,1,0,0,0,0,0,0,0,1,0,0,0,1,1,1,0,0,1,0,0,0,1,0,0,0,0,0,1,1,0,0,0,0,0,0,0,1,0,1,1,0,0,0,0,0,0,0,0,0,0,0,0,0,0,1,0,1,0,0,0,0,1,1,0,0,1,0,0,0,1,0,1,0,0,0,1,1,0,0,1,0,1,1,0,1,1,0,0,0,0,0,0,0,0,0,0,0,0,0,0,0,1.37743956477092,2.81252409006024,NA,4.27150818454841,4.37317183832491,NA,3.10020616251202,3.76925579149291,NA,3.86788639493454,1.96522622967304,NA,NA,1.88826518853691,NA,NA,NA,NA,NA,2.60121499639303,NA,NA,NA,NA,NA,NA,NA,3.28450988050997,NA,NA,NA,0.461148832896764,0.278827276102809,0.866613941004929,NA,NA,0.0556837247885997,NA,NA,NA,-0.637463455771346,NA,NA,NA,NA,NA,1.15429601345671,4.04466777135287,NA,NA,NA,NA,NA,NA,NA,2.33295100979836,NA,0.615299512724022,0.461148832896764,NA,NA,NA,NA,NA,NA,NA,NA,NA,NA,NA,NA,NA,NA,-1.33061063633129,NA,0.971974456662755,NA,NA,NA,NA,-1.33061063633129,-0.637463455771346,NA,NA,-0.637463455771346,NA,NA,NA,-0.231998347663181,NA,-1.33061063633129,NA,NA,NA,-0.231998347663181,-0.637463455771346,NA,NA,-1.33061063633129,NA,-1.33061063633129,-1.33061063633129,NA,0.0556837247885997,-1.33061063633129,NA,NA,NA,NA,NA,NA,NA,NA,NA,NA,NA,NA,NA,NA,NA
"S_088",1,1,0,1,1,0,1,0,0,0,1,0,1,1,1,0,0,1,0,0,0,0,0,0,0,1,0,0,0,0,0,0,1,1,0,0,1,0,1,0,0,1,0,0,0,0,1,0,1,0,0,0,0,0,0,0,0,1,1,0,0,0,0,0,1,0,0,0,1,0,0,0,0,1,0,1,1,1,0,0,0,0,1,1,0,0,0,1,0,1,1,1,0,1,1,0,0,0,0,0,0,1,1,0,0,0,1,0,0,0,0,0,0,0,1,0,0,0,0,0,4.06426535935758,2.77697652201314,NA,2.91459789988919,-1.33389734216017,NA,-1.33389734216017,NA,NA,NA,4.13837333151131,NA,1.0639979306382,2.13183856063956,-1.33389734216017,NA,NA,-0.640750161600224,NA,NA,NA,NA,NA,NA,NA,1.15100930762783,NA,NA,NA,NA,NA,NA,-1.33389734216017,0.86332723517605,NA,NA,3.67004896378529,NA,2.35498211195377,NA,NA,-1.33389734216017,NA,NA,NA,NA,2.47276514761015,NA,0.0523970189597209,NA,NA,NA,NA,NA,NA,NA,NA,-0.640750161600224,0.275540570273931,NA,NA,NA,NA,NA,-1.33389734216017,NA,NA,NA,-1.33389734216017,NA,NA,NA,NA,-0.23528505349206,NA,0.612012806895144,2.13183856063956,-0.23528505349206,NA,NA,NA,NA,0.968687750833876,-0.23528505349206,NA,NA,NA,0.968687750833876,NA,-0.23528505349206,0.0523970189597209,0.968687750833876,NA,-0.640750161600224,-0.640750161600224,NA,NA,NA,NA,NA,NA,-0.23528505349206,-0.640750161600224,NA,NA,NA,-1.33389734216017,NA,NA,NA,NA,NA,NA,NA,-0.640750161600224,NA,NA,NA,NA,NA
"S_100",1,1,0,1,0,0,0,0,0,1,1,0,0,1,0,0,1,0,0,0,0,0,0,0,0,1,0,1,0,1,0,1,0,1,0,0,1,0,0,1,1,0,0,0,0,0,1,0,0,0,0,0,0,0,1,1,0,1,1,0,0,0,0,0,0,0,0,0,1,0,0,0,0,1,1,1,0,1,0,0,1,0,1,1,0,1,0,0,1,1,1,0,0,0,1,0,0,0,0,0,1,0,1,1,0,1,0,1,1,0,0,0,0,0,0,0,0,0,0,0,3.70473405369857,3.18193223888587,NA,3.28488020813831,NA,NA,NA,NA,NA,3.40748253023064,2.45197108520321,NA,NA,2.09529614126448,NA,NA,5.20563179755747,NA,NA,NA,NA,NA,NA,NA,NA,4.82221482667107,NA,-1.23690836891073,NA,0.554851100317326,NA,-0.543761188350784,NA,1.24799828087727,NA,NA,2.09529614126448,NA,NA,-0.138296080242619,1.32804098855081,NA,NA,NA,NA,NA,3.13253948355629,NA,NA,NA,NA,NA,NA,NA,-1.23690836891073,2.77042481632174,NA,-1.23690836891073,1.06567672408332,NA,NA,NA,NA,NA,NA,NA,NA,NA,1.32804098855081,NA,NA,NA,NA,1.75882390464326,0.960316208425491,-1.23690836891073,NA,-0.138296080242619,NA,NA,-0.543761188350784,NA,-0.543761188350784,-0.543761188350784,NA,-0.543761188350784,NA,NA,0.372529543523371,-1.23690836891073,-0.543761188350784,NA,NA,NA,-0.138296080242619,NA,NA,NA,NA,NA,0.372529543523371,NA,-1.23690836891073,1.85413408444759,NA,-1.23690836891073,NA,0.709001780144584,0.372529543523371,NA,NA,NA,NA,NA,NA,NA,NA,NA,NA,NA
"S_103",1,1,0,1,0,1,1,0,0,1,1,1,0,1,0,1,0,0,0,0,1,0,0,0,0,0,0,0,1,1,1,1,1,0,0,0,0,0,0,0,0,0,0,0,1,0,1,0,1,0,0,0,0,0,0,0,0,0,1,0,0,0,0,0,0,0,0,0,1,0,0,0,0,1,1,1,0,1,1,1,0,1,0,1,0,0,0,0,0,1,0,0,0,1,0,0,1,0,0,0,0,0,0,1,0,0,1,0,0,1,0,0,0,0,0,0,0,0,0,0,1.58840651387099,2.20958019480585,NA,1.78907720933314,NA,3.01552286951114,0.569836932876417,NA,NA,1.50139513688136,0.307472668408926,-1.99511242458512,NA,1.00061984896887,NA,0.489794225202881,NA,NA,NA,NA,-1.30196524402517,NA,NA,NA,NA,NA,NA,NA,-0.0492022755298063,-1.99511242458512,1.37218340540135,-0.203352955357065,1.22376340028308,NA,NA,NA,NA,NA,NA,NA,NA,NA,NA,NA,2.33562091570121,NA,-1.99511242458512,NA,-1.30196524402517,NA,NA,NA,NA,NA,NA,NA,NA,NA,0.895259333311045,NA,NA,NA,NA,NA,NA,NA,NA,NA,-0.203352955357065,NA,NA,NA,NA,1.18294140576283,0.838100919471097,-0.0492022755298063,NA,0.895259333311045,-1.30196524402517,-0.89650013591701,NA,1.00061984896887,NA,1.00061984896887,NA,NA,NA,NA,NA,2.13202196045997,NA,NA,NA,-0.203352955357065,NA,NA,1.00061984896887,NA,NA,NA,NA,NA,NA,-0.608818063465229,NA,NA,-0.203352955357065,NA,NA,-1.99511242458512,NA,NA,NA,NA,NA,NA,NA,NA,NA,NA
"S_104",1,0,0,1,0,0,1,0,0,1,1,0,1,1,0,0,0,0,0,0,0,0,0,0,0,0,0,1,0,1,1,1,1,1,1,0,1,0,0,1,0,0,0,0,0,0,0,0,0,0,0,0,0,0,1,1,0,1,1,0,0,0,0,0,0,0,0,0,0,0,0,1,1,0,0,0,0,0,0,0,1,0,1,0,0,1,0,1,1,1,1,0,0,0,1,0,0,0,1,0,1,1,1,0,1,0,0,0,1,1,0,0,0,0,1,0,1,1,0,0,3.76732294117723,NA,NA,1.1770557757314,NA,NA,3.58998892589431,NA,NA,2.85103220930307,0.078443487063294,NA,4.99842441289142,3.048857952633,NA,NA,NA,NA,NA,NA,NA,NA,NA,NA,NA,NA,NA,1.1770557757314,NA,2.89684174533437,-0.209238585388487,0.889373703279623,-1.3078508740566,2.09334650760556,-0.614703693496651,NA,0.638059274998717,NA,NA,0.638059274998717,NA,NA,NA,NA,NA,NA,NA,NA,NA,NA,NA,NA,NA,NA,0.078443487063294,3.12296592478672,NA,0.301587038377504,1.09004439874177,NA,NA,NA,NA,NA,NA,NA,NA,NA,NA,NA,NA,-1.3078508740566,-1.3078508740566,NA,NA,NA,NA,NA,NA,NA,-1.3078508740566,NA,0.889373703279623,NA,NA,0.078443487063294,NA,-1.3078508740566,1.46473784818318,-0.614703693496651,-1.3078508740566,NA,NA,NA,-1.3078508740566,NA,NA,NA,0.078443487063294,NA,0.301587038377504,-1.3078508740566,-1.3078508740566,NA,-0.209238585388487,NA,NA,NA,-1.3078508740566,-1.3078508740566,NA,NA,NA,NA,-1.3078508740566,NA,-0.209238585388487,1.33120645555866,NA,NA
"S_107",1,1,1,1,1,1,0,0,1,0,1,1,0,1,1,0,1,0,0,0,0,0,1,0,1,0,0,0,0,1,0,1,1,1,0,0,0,0,0,0,1,0,1,0,0,0,0,0,0,1,0,0,0,0,0,1,1,0,1,0,0,0,0,0,1,0,0,0,0,0,0,0,0,0,0,0,0,0,0,1,0,1,0,0,0,1,0,1,1,1,0,0,0,1,1,0,0,0,1,0,0,0,0,1,1,0,0,0,0,0,0,1,0,0,1,1,1,0,0,0,3.27378939988882,3.48856470153251,5.78186310895835,3.55362829487957,1.84493542435013,3.62209609415703,NA,NA,2.14342841290613,NA,0.318879120855081,-1.29055879157902,NA,-1.29055879157902,5.03200644834826,NA,3.06615003511057,NA,NA,NA,NA,NA,3.84523964547124,NA,2.55958881013104,NA,NA,NA,NA,2.20594876988746,NA,-1.29055879157902,1.01202630141503,1.01202630141503,NA,NA,NA,NA,NA,NA,-1.29055879157902,NA,0.501200677649035,NA,NA,NA,NA,NA,NA,-0.597411611019074,NA,NA,NA,NA,NA,0.788882750100816,3.86273280291876,NA,2.82031507259429,NA,NA,NA,NA,NA,-1.29055879157902,NA,NA,NA,NA,NA,NA,NA,NA,NA,NA,NA,NA,NA,NA,-0.19194650291091,NA,-0.19194650291091,NA,NA,NA,-1.29055879157902,NA,3.41897140973331,-0.19194650291091,-1.29055879157902,NA,NA,NA,-0.597411611019074,-0.19194650291091,NA,NA,NA,-0.597411611019074,NA,NA,NA,NA,1.01202630141503,0.318879120855081,NA,NA,NA,NA,NA,NA,-1.29055879157902,NA,NA,-0.597411611019074,0.0957355695408708,0.318879120855081,NA,NA,NA
"S_109",1,1,0,1,1,0,1,1,0,1,1,0,1,1,1,1,0,0,0,1,1,0,0,0,1,1,0,1,1,0,0,1,1,1,0,0,1,1,0,0,1,0,1,0,1,1,0,0,0,0,0,0,0,0,0,0,0,1,1,0,0,0,0,0,1,0,0,0,1,0,0,1,0,0,0,0,0,0,0,1,1,1,1,0,0,1,0,1,1,0,0,0,0,1,0,0,0,0,0,0,0,0,1,0,1,1,0,1,0,0,0,0,0,0,0,0,0,0,1,0,3.77148944253972,2.65452801520341,NA,2.69535000972366,1.77905927784951,NA,0.775757168985724,3.82027960670915,NA,0.575086473523573,2.84377001484194,NA,-0.235843742692756,-0.0127001913785463,2.38519508141982,3.94238230351005,NA,NA,NA,2.94221008765519,0.457303437867189,NA,NA,NA,-0.235843742692756,2.61196840078461,NA,-1.62213810381265,2.99298241302861,NA,NA,-0.928990923252701,0.323772045242667,-0.0127001913785463,NA,NA,1.77905927784951,-0.235843742692756,NA,NA,0.457303437867189,NA,-1.62213810381265,NA,0.457303437867189,0.862768545975354,NA,NA,NA,NA,NA,NA,NA,NA,NA,NA,NA,0.457303437867189,1.63595843420884,NA,NA,NA,NA,NA,-0.235843742692756,NA,NA,NA,2.26968219429798,NA,NA,-1.62213810381265,NA,NA,NA,NA,NA,NA,NA,-0.928990923252701,0.862768545975354,-0.0127001913785463,-1.62213810381265,NA,NA,1.21107524024357,NA,-0.235843742692756,0.323772045242667,NA,NA,NA,NA,-1.62213810381265,NA,NA,NA,NA,NA,NA,NA,NA,1.37359416974134,NA,-1.62213810381265,-0.235843742692756,NA,-0.523525815144537,NA,NA,NA,NA,NA,NA,NA,NA,NA,NA,-1.62213810381265,NA
"S_117",1,1,1,1,0,0,0,0,1,1,0,1,0,1,1,0,0,0,0,1,0,0,0,0,0,1,0,0,0,1,0,1,1,1,0,0,1,0,0,0,1,0,0,0,1,0,1,0,0,0,1,0,0,0,0,0,0,1,1,0,0,0,1,0,0,0,0,0,0,0,1,0,0,1,1,1,0,1,0,1,1,0,0,1,1,0,0,0,1,1,1,0,1,0,0,0,0,0,0,0,0,0,1,0,1,1,1,0,0,0,0,0,0,1,0,1,1,1,0,0,2.07988148213089,1.50451733722733,-1.38585442066883,3.61809188527663,NA,NA,NA,NA,4.1154037898759,-0.287242132000723,NA,3.08005369798575,NA,1.70518803268948,4.81058970712569,NA,NA,NA,NA,-1.38585442066883,NA,NA,NA,NA,NA,2.35181519761454,NA,NA,NA,0.693587121011003,NA,0.916730672325214,1.01204085212954,0.916730672325214,NA,NA,2.16949364082058,NA,NA,NA,-0.287242132000723,NA,NA,NA,0.693587121011003,NA,1.32219578043338,NA,NA,NA,-1.38585442066883,NA,NA,NA,NA,NA,NA,-1.38585442066883,-1.38585442066883,NA,NA,NA,2.93163369286748,NA,NA,NA,NA,NA,NA,NA,3.35907770769442,NA,NA,3.23911839261544,0.000439940451058218,1.94635008950637,NA,0.405905048559223,NA,0.693587121011003,-0.692707240108887,NA,NA,1.32219578043338,0.405905048559223,NA,NA,NA,0.223583491765268,0.916730672325214,-1.38585442066883,NA,-0.692707240108887,NA,NA,NA,NA,NA,NA,NA,NA,NA,1.32219578043338,NA,-1.38585442066883,-0.692707240108887,1.1790949367927,NA,NA,NA,NA,NA,NA,-1.38585442066883,NA,0.405905048559223,-1.38585442066883,-1.38585442066883,NA,NA
"S_118",1,1,1,1,1,1,0,0,1,1,1,1,0,0,1,0,0,0,0,0,0,0,1,0,0,0,0,1,0,1,0,0,1,0,0,0,1,0,0,0,1,0,0,0,0,0,1,0,0,0,0,1,0,0,0,0,1,0,0,0,0,0,0,1,0,0,0,0,0,1,0,0,0,0,0,0,0,1,0,0,0,1,1,1,0,1,0,1,0,0,0,0,0,1,0,0,0,0,1,0,0,0,0,0,0,0,1,0,0,1,1,0,0,0,0,0,0,0,1,0,3.73915215891221,3.4748505351045,2.06302287197944,2.22208756660913,-0.205660669338922,3.96872660055671,NA,NA,0.998312134987014,-1.30427295800703,-1.30427295800703,5.28051843437868,NA,NA,1.64016602115941,NA,NA,NA,NA,NA,NA,NA,3.05243586868256,NA,NA,NA,NA,1.09362231479134,NA,-1.30427295800703,NA,NA,2.50238953176329,NA,NA,NA,-1.30427295800703,NA,NA,NA,0.892951619329188,NA,NA,NA,NA,NA,0.892951619329188,NA,NA,NA,NA,2.95840691903428,NA,NA,NA,NA,-1.30427295800703,NA,NA,NA,NA,NA,NA,-1.30427295800703,NA,NA,NA,NA,NA,2.72107873272812,NA,NA,NA,NA,NA,NA,NA,-0.611125777447087,NA,NA,NA,0.998312134987014,-1.30427295800703,-1.30427295800703,NA,1.09362231479134,NA,-1.30427295800703,NA,NA,NA,NA,NA,0.641637191048281,NA,NA,NA,NA,-1.30427295800703,NA,NA,NA,NA,NA,NA,NA,-0.205660669338922,NA,NA,0.487486511221023,0.305164954427068,NA,NA,NA,NA,NA,NA,NA,-0.611125777447087,NA
"S_128",1,1,1,1,1,0,1,0,1,0,1,1,0,1,0,0,0,0,0,0,0,0,0,0,1,1,1,0,0,1,0,1,1,1,0,0,0,1,0,0,1,0,0,0,0,0,0,0,0,0,0,1,0,0,0,0,0,0,1,0,0,0,1,0,0,0,0,0,1,0,0,0,0,0,0,0,0,1,0,0,1,1,0,0,0,0,0,0,1,0,0,0,0,0,1,1,0,0,0,0,0,1,0,1,0,1,0,0,1,0,0,0,1,0,1,0,0,0,0,0,4.6152864320956,2.56026341776391,5.27994165686124,2.04357267454552,4.99418451281904,NA,1.88450797991583,NA,2.82127724313353,NA,3.48005678018927,-1.48278785007064,NA,0.308971619157414,NA,NA,NA,NA,NA,NA,NA,NA,NA,NA,2.42923515535751,3.40756127815111,4.16970133019801,NA,NA,0.596653691609195,NA,0.308971619157414,0.714436727265579,0.91510742272773,NA,NA,NA,0.91510742272773,NA,NA,-0.789640669510695,NA,NA,NA,NA,NA,NA,NA,NA,NA,NA,1.60825460328768,NA,NA,NA,NA,NA,NA,0.819797242923405,NA,NA,NA,-1.48278785007064,NA,NA,NA,NA,NA,-1.48278785007064,NA,NA,NA,NA,NA,NA,NA,NA,-0.789640669510695,NA,NA,-0.384175561402531,-0.0964934889507501,NA,NA,NA,NA,NA,NA,-0.789640669510695,NA,NA,NA,NA,NA,0.463122298984673,-0.384175561402531,NA,NA,NA,NA,NA,-1.48278785007064,NA,-0.0964934889507501,NA,-0.384175561402531,NA,NA,-0.0964934889507501,NA,NA,NA,-0.384175561402531,NA,0.819797242923405,NA,NA,NA,NA,NA
"S_135",1,1,0,1,0,1,1,1,1,0,1,0,0,1,0,0,0,1,0,1,0,0,0,0,1,0,0,0,0,1,1,0,1,1,0,0,1,1,1,0,1,0,0,0,0,0,0,0,0,1,0,0,0,0,1,1,0,1,1,0,0,0,0,0,0,0,0,0,0,0,0,0,0,0,0,1,0,1,0,0,1,0,1,1,1,0,0,1,0,1,0,0,0,0,0,0,0,0,0,0,0,0,0,0,1,0,0,0,0,0,0,1,0,0,1,0,1,0,1,0,3.7738527392167,3.00993648776855,NA,3.4964694189655,NA,1.91132419910044,1.95054491225372,2.62427400695656,5.08100977977787,NA,1.73697081195566,NA,NA,2.62427400695656,NA,NA,NA,-0.614404445207816,NA,0.771889915912075,NA,NA,NA,NA,3.3075688910735,NA,NA,NA,NA,0.638358523287552,0.995033467226285,NA,1.3315057038475,-1.30755162576776,NA,NA,0.484207843460294,-0.614404445207816,3.64120826461041,NA,-0.614404445207816,NA,NA,NA,NA,NA,NA,NA,NA,-1.30755162576776,NA,NA,NA,NA,0.301886286666339,1.63688735339868,NA,0.0787427353521297,1.78349082759056,NA,NA,NA,NA,NA,NA,NA,NA,NA,NA,NA,NA,NA,NA,NA,NA,0.484207843460294,NA,-1.30755162576776,NA,NA,-0.208939337099651,NA,0.301886286666339,0.0787427353521297,-1.30755162576776,NA,NA,1.91132419910044,NA,-1.30755162576776,NA,NA,NA,NA,NA,NA,NA,NA,NA,NA,NA,NA,NA,NA,-1.30755162576776,NA,NA,NA,NA,NA,NA,-0.614404445207816,NA,NA,-0.614404445207816,NA,0.638358523287552,NA,0.0787427353521297,NA
"S_150",1,1,0,1,1,0,0,0,1,1,0,0,1,0,1,1,0,0,1,1,0,0,0,0,1,0,0,0,0,0,0,1,1,1,0,0,0,1,0,1,1,0,0,0,0,0,0,0,0,1,0,0,0,0,1,0,1,1,1,0,0,0,0,0,0,0,0,0,1,1,0,0,0,0,0,0,0,1,0,0,0,1,0,1,0,0,0,0,0,0,0,1,0,1,1,0,0,0,1,0,0,0,0,0,0,1,0,1,0,0,0,0,0,0,1,1,0,0,0,1,2.38880676927509,2.95133376741797,NA,3.01877504821351,3.66747046620262,NA,NA,NA,3.29277701676121,-0.809866348275587,NA,NA,-1.50301352883553,NA,1.89818385282662,2.46727838471659,NA,NA,1.26957519340425,2.08050540962058,NA,NA,NA,NA,1.13604380077973,NA,NA,NA,NA,NA,NA,-1.50301352883553,0.288745940392523,0.288745940392523,NA,NA,NA,1.82919098133967,NA,0.694211048500687,0.799571564158513,NA,NA,NA,NA,NA,NA,NA,NA,-1.50301352883553,NA,NA,NA,NA,-0.809866348275587,NA,1.33019981522068,-0.404401240167423,1.71586229603267,NA,NA,NA,NA,NA,NA,NA,NA,NA,-1.50301352883553,1.75508300918595,NA,NA,NA,NA,NA,NA,NA,-0.404401240167423,NA,NA,NA,-0.404401240167423,NA,0.576428012844303,NA,NA,NA,NA,NA,NA,NA,-0.404401240167423,NA,-1.50301352883553,-0.404401240167423,NA,NA,NA,-1.50301352883553,NA,NA,NA,NA,NA,NA,-1.50301352883553,NA,-1.50301352883553,NA,NA,NA,NA,NA,NA,-1.50301352883553,-1.50301352883553,NA,NA,NA,-0.809866348275587
"S_155",1,1,0,1,0,1,0,0,0,1,0,0,1,0,0,0,0,0,0,0,0,1,0,1,0,0,0,1,1,0,0,1,1,0,0,0,1,1,0,0,0,0,0,0,0,1,0,0,0,0,0,0,1,0,1,0,0,0,1,0,0,0,0,0,0,0,0,0,0,0,0,0,0,0,0,0,1,1,0,0,0,1,1,0,0,0,0,0,0,0,0,0,0,0,0,0,1,0,0,0,0,0,0,0,0,0,1,0,0,0,0,0,0,1,0,0,0,0,0,0,4.99085207724553,2.42035741906757,NA,2.61663732811223,NA,-1.30533600816908,NA,NA,NA,3.33905489097229,NA,NA,3.02539733211725,NA,NA,NA,NA,NA,NA,NA,NA,3.39967951278872,NA,-1.30533600816908,NA,NA,NA,0.19874138860719,1.17957064161892,NA,NA,0.48642346105897,1.04603924899439,NA,NA,NA,-0.612188827609139,-0.0525730396737167,NA,NA,NA,NA,NA,NA,NA,-0.89987090006092,NA,NA,NA,NA,NA,NA,2.64590771041234,NA,0.94595579043741,NA,NA,NA,-0.89987090006092,NA,NA,NA,NA,NA,NA,NA,NA,NA,NA,NA,NA,NA,NA,NA,NA,NA,1.33372132144617,-0.89987090006092,NA,NA,NA,0.0809583529508058,-0.206723719500975,NA,NA,NA,NA,NA,NA,NA,NA,NA,NA,NA,NA,NA,-0.89987090006092,NA,NA,NA,NA,NA,NA,NA,NA,NA,-1.30533600816908,NA,NA,NA,NA,NA,NA,-1.99848318872903,NA,NA,NA,NA,NA,NA
"S_157",1,1,1,1,1,1,1,1,1,1,0,0,0,0,0,1,0,0,1,0,1,1,0,1,0,1,0,0,0,1,1,0,1,0,0,0,1,1,0,0,1,0,0,0,0,1,0,0,0,1,0,1,1,0,1,0,1,0,1,0,1,0,0,0,1,0,0,0,0,1,0,0,0,0,1,0,0,1,0,1,0,1,1,1,0,1,0,0,0,0,0,0,0,0,1,0,0,0,0,0,0,0,1,0,0,0,1,0,0,0,0,0,0,0,1,0,0,0,1,0,2.20621839354556,2.63578105323279,-0.814206492598801,1.71152215170945,1.9266335313264,4.13809322448449,1.48837860039524,2.49997951207373,3.68003213268201,0.57208786852109,NA,NA,NA,NA,NA,-0.121059312038855,NA,NA,4.90117511790075,NA,3.06735730534464,2.83645174869494,NA,0.102084239275354,NA,1.75074286486274,NA,NA,NA,0.689870904177474,3.08776617697584,NA,1.78848319284558,NA,NA,NA,-0.408741384490636,1.82485083701646,NA,NA,1.20069652794346,NA,NA,NA,NA,0.57208786852109,NA,NA,NA,-1.50735367315875,NA,-1.50735367315875,-0.408741384490636,NA,-0.408741384490636,NA,0.438556475896567,NA,-0.121059312038855,NA,1.71152215170945,NA,NA,NA,-0.121059312038855,NA,NA,NA,NA,1.75074286486274,NA,NA,NA,NA,-0.814206492598801,NA,NA,-0.121059312038855,NA,-0.408741384490636,NA,0.7952314198353,-0.408741384490636,-0.121059312038855,NA,1.78848319284558,NA,NA,NA,NA,NA,NA,NA,NA,-0.814206492598801,NA,NA,NA,NA,NA,NA,NA,-1.50735367315875,NA,NA,NA,-0.121059312038855,NA,NA,NA,NA,NA,NA,NA,-1.50735367315875,NA,NA,NA,-1.50735367315875,NA
"S_158",1,1,1,1,1,0,0,0,1,0,1,1,0,1,1,0,0,0,0,1,0,0,1,0,0,0,0,0,0,0,0,0,1,1,0,0,0,0,1,0,1,0,0,0,0,0,0,0,0,0,0,1,0,0,1,1,1,0,1,0,0,0,0,0,0,0,0,0,1,0,0,0,0,0,0,0,0,1,0,0,1,1,0,0,0,1,0,0,0,0,0,0,0,1,0,0,0,0,1,0,0,0,0,1,1,0,0,1,0,0,0,1,0,0,0,1,0,0,0,0,2.06705568039277,4.12042498176283,4.17548475894585,3.77180377263119,0.150133068210704,NA,NA,NA,3.43104428399836,NA,2.98334641226692,3.44596993421503,NA,0.62013669745644,-1.4593048442234,NA,NA,NA,NA,2.17828131550299,NA,NA,-1.4593048442234,NA,NA,NA,NA,NA,NA,NA,NA,NA,1.94189253743876,-0.0730104831035052,NA,NA,NA,NA,0.62013669745644,NA,0.737919733112824,NA,NA,NA,NA,NA,NA,NA,NA,NA,NA,-1.4593048442234,NA,NA,-1.4593048442234,-0.766157663663451,3.76644182948981,NA,0.84328024877065,NA,NA,NA,NA,NA,NA,NA,NA,NA,-1.4593048442234,NA,NA,NA,NA,NA,NA,NA,NA,-0.360692555555286,NA,NA,-0.360692555555286,1.17975248539186,NA,NA,NA,-1.4593048442234,NA,NA,NA,NA,NA,NA,NA,0.486605304831917,NA,NA,NA,NA,2.20425680190625,NA,NA,NA,NA,-1.4593048442234,0.150133068210704,NA,NA,-1.4593048442234,NA,NA,NA,-0.360692555555286,NA,NA,NA,-1.4593048442234,NA,NA,NA,NA
"S_161",1,1,0,1,1,0,0,0,0,0,1,1,0,0,1,1,0,0,0,0,0,0,0,0,0,0,0,1,0,1,0,0,1,0,0,1,0,1,0,0,1,0,0,0,0,0,0,0,0,0,0,0,0,0,0,0,1,0,0,0,1,0,1,0,0,0,0,0,0,1,0,0,0,0,0,0,0,0,0,1,0,1,1,0,0,0,0,0,1,0,0,1,0,0,0,0,1,0,1,0,0,0,0,0,0,0,0,0,0,0,0,1,0,0,0,1,0,0,0,0,5.04165260690378,2.38939376542999,NA,1.67271608745985,3.63882894383268,NA,NA,NA,NA,NA,-1.37180635026357,1.92403051574076,NA,NA,0.707635191416263,2.57943736831785,NA,NA,NA,NA,NA,NA,NA,NA,NA,NA,NA,-0.678659169703628,NA,1.40078237197621,NA,NA,0.930778742730473,NA,NA,1.40078237197621,NA,3.73413912363701,NA,NA,0.237631562170527,NA,NA,NA,NA,NA,NA,NA,NA,NA,NA,NA,NA,NA,NA,NA,0.707635191416263,NA,NA,NA,4.5891989893597,NA,0.419953118964482,NA,NA,NA,NA,NA,NA,2.70573109364215,NA,NA,NA,NA,NA,NA,NA,NA,NA,-1.37180635026357,NA,-0.678659169703628,-0.678659169703628,NA,NA,NA,NA,NA,-1.37180635026357,NA,NA,0.237631562170527,NA,NA,NA,NA,2.15455417435259,NA,-0.273194061595463,NA,NA,NA,NA,NA,NA,NA,NA,NA,NA,NA,NA,0.419953118964482,NA,NA,NA,0.0144880108563177,NA,NA,NA,NA
"S_163",1,1,1,1,0,0,0,0,1,0,0,1,0,0,1,0,0,0,0,1,0,0,0,0,0,1,0,0,1,1,0,0,1,0,0,0,0,0,0,0,1,0,0,0,1,1,0,0,1,0,0,0,0,0,0,0,1,0,1,0,0,0,0,0,1,0,1,0,0,1,0,0,0,0,0,1,0,0,0,0,0,1,0,0,0,1,0,0,0,0,0,0,0,1,0,1,0,0,0,0,0,0,0,0,1,0,0,0,0,0,0,0,0,0,0,1,0,0,0,0,3.08009543097228,2.12719495348557,-0.340904577986053,1.85631999935017,NA,NA,NA,NA,-0.340904577986053,NA,NA,2.75918771089218,NA,NA,-1.25719530986021,NA,NA,NA,NA,-1.25719530986021,NA,NA,NA,NA,NA,1.48364471406499,NA,NA,0.246882086916067,2.75918771089218,NA,NA,1.34549437558418,NA,NA,NA,NA,NA,NA,NA,2.83714925236189,NA,NA,NA,1.04538978313384,2.26916521475595,NA,NA,1.04538978313384,NA,NA,NA,NA,NA,NA,NA,1.04538978313384,NA,1.38186201975505,NA,NA,NA,NA,NA,-0.564048129300262,NA,0.534564159367847,NA,NA,1.04538978313384,NA,NA,NA,NA,NA,2.57144608662889,NA,NA,NA,NA,NA,0.940029267476012,NA,NA,NA,-0.851730201752043,NA,NA,NA,NA,NA,NA,NA,-0.158583021192098,NA,0.614606867041384,NA,NA,NA,NA,NA,NA,NA,NA,0.757707710682057,NA,NA,NA,NA,NA,NA,NA,NA,NA,NA,-1.25719530986021,NA,NA,NA,NA
"S_167",1,1,0,1,1,0,0,0,0,0,1,0,0,1,0,0,0,0,0,0,0,1,0,0,1,1,0,0,0,1,0,1,1,1,0,0,1,1,1,0,1,0,0,0,0,0,0,0,0,0,0,1,1,0,1,0,0,1,1,0,0,0,0,0,0,0,0,0,0,0,0,0,0,0,0,0,0,0,0,1,1,1,1,0,0,1,0,1,1,0,0,0,0,1,0,1,0,0,1,1,0,0,0,1,0,1,0,0,1,0,0,1,0,1,1,0,1,0,0,0,5.07639201585975,4.29797107820872,NA,2.5506633715515,1.81306442842072,NA,NA,NA,NA,NA,3.8218884028866,NA,NA,1.36107930467766,NA,NA,NA,NA,NA,NA,NA,-1.2779780249376,NA,NA,1.49461069730218,1.28697133252394,NA,NA,NA,0.513781444290458,NA,-1.2779780249376,1.9408977999306,0.801463516742239,NA,NA,3.17636927131591,-0.584830844377651,0.108316336182294,NA,-0.179365736269487,NA,NA,NA,NA,NA,NA,NA,NA,NA,NA,-0.584830844377651,1.43007217616461,NA,1.71775424861639,NA,NA,-1.2779780249376,2.08931780504888,NA,NA,NA,NA,NA,NA,NA,NA,NA,NA,NA,NA,NA,NA,NA,NA,NA,NA,NA,NA,0.331459887496504,1.02460706805645,0.108316336182294,-0.179365736269487,NA,NA,-0.179365736269487,NA,0.108316336182294,-0.584830844377651,NA,NA,NA,NA,1.11991724786077,NA,-0.179365736269487,NA,NA,1.76654441278583,-1.2779780249376,NA,NA,NA,1.11991724786077,NA,-1.2779780249376,NA,NA,-0.584830844377651,NA,NA,-0.179365736269487,NA,1.76654441278583,-1.2779780249376,NA,1.11991724786077,NA,NA,NA
"S_173",1,1,0,1,1,0,1,0,0,0,1,1,0,1,1,0,0,0,0,0,0,0,0,1,1,1,0,0,0,1,0,1,1,0,0,1,1,1,0,0,1,0,0,0,0,0,0,0,1,0,0,1,0,0,1,0,0,1,1,0,0,0,0,0,1,0,0,0,0,0,0,0,0,0,0,0,0,0,0,0,1,1,0,0,0,0,0,0,0,0,0,1,0,1,1,0,0,0,0,1,0,0,0,0,0,0,0,0,0,0,0,0,0,1,0,1,0,0,0,0,3.38632349460621,4.37127646480179,NA,4.33673613954962,3.0791693187416,NA,1.36312167124925,NA,NA,NA,-0.716319870430591,-1.40946705099054,NA,-0.716319870430591,2.35173306470303,NA,NA,NA,NA,NA,NA,NA,NA,1.36312167124925,-0.716319870430591,2.65097595955588,NA,NA,NA,1.80940877387766,NA,-0.716319870430591,2.50255595443761,NA,NA,2.61588463974461,1.22959027862472,2.39719543877978,NA,NA,-1.40946705099054,NA,NA,NA,NA,NA,NA,NA,0.382292418237519,NA,NA,-1.40946705099054,NA,NA,-1.40946705099054,NA,NA,-0.716319870430591,-0.310854762322426,NA,NA,NA,NA,NA,1.48090470690563,NA,NA,NA,NA,NA,NA,NA,NA,NA,NA,NA,NA,NA,NA,NA,-1.40946705099054,0.382292418237519,NA,NA,NA,NA,NA,NA,NA,NA,NA,1.22959027862472,NA,-0.716319870430591,-0.716319870430591,NA,NA,NA,NA,-1.40946705099054,NA,NA,NA,NA,NA,NA,NA,NA,NA,NA,NA,NA,NA,-0.716319870430591,NA,-0.716319870430591,NA,NA,NA,NA
"S_176",1,1,0,1,1,0,0,0,1,0,0,0,1,1,1,0,1,0,0,1,0,0,0,0,1,1,0,0,1,1,0,1,1,1,0,0,1,0,0,0,1,0,0,1,0,1,0,1,0,0,0,0,0,0,0,0,1,0,0,0,0,0,0,0,1,0,1,0,0,0,0,1,0,1,0,1,0,1,0,1,0,0,1,1,1,1,0,0,1,0,1,0,0,1,0,0,0,0,1,1,0,0,0,0,0,0,0,1,0,0,0,1,0,0,0,0,0,0,1,0,3.76495541359746,3.43565166645486,NA,4.2985416216019,-0.0709062308651265,NA,NA,NA,3.10714759948282,NA,NA,NA,0.622240949694819,1.72085323836293,5.13857992197629,NA,4.60813380368942,NA,NA,1.13306657346081,NA,NA,NA,NA,2.29621738326649,1.60307020270654,NA,NA,3.61797322324881,-0.0709062308651265,NA,1.13306657346081,1.13306657346081,0.622240949694819,NA,NA,-0.476371338973291,NA,NA,NA,-0.476371338973291,NA,NA,-1.16951851953324,NA,2.26446868495191,NA,2.00853531081471,NA,NA,NA,NA,NA,NA,NA,NA,1.53853168156897,NA,NA,NA,NA,NA,NA,NA,1.13306657346081,NA,1.87500391819019,NA,NA,NA,NA,-0.0709062308651265,NA,-0.0709062308651265,NA,-1.16951851953324,NA,-0.476371338973291,NA,-1.16951851953324,NA,NA,-1.16951851953324,-0.0709062308651265,-1.16951851953324,1.60307020270654,NA,NA,-1.16951851953324,NA,0.216775841586654,NA,NA,-0.0709062308651265,NA,NA,NA,NA,-1.16951851953324,-0.0709062308651265,NA,NA,NA,NA,NA,NA,NA,-1.16951851953324,NA,NA,NA,-0.476371338973291,NA,NA,NA,NA,NA,NA,-0.476371338973291,NA
"S_184",1,1,0,1,0,0,1,0,0,1,1,0,1,1,0,0,0,0,0,1,0,0,0,0,1,0,0,0,1,0,0,1,1,1,0,0,0,0,1,0,0,0,0,1,0,0,0,0,0,0,0,0,0,0,1,1,0,1,1,0,0,0,0,0,0,0,0,0,0,0,0,0,0,0,0,1,0,1,1,1,1,1,0,0,0,0,0,1,0,1,1,0,0,1,1,0,0,0,1,0,0,1,0,1,1,1,1,1,0,0,0,0,1,0,1,0,1,0,1,0,4.29622626269162,2.21678472101178,NA,1.04406446018995,NA,NA,3.88628687418853,NA,NA,3.76738213342295,2.48644828796088,NA,2.1167012624548,1.25170382496819,NA,NA,NA,NA,NA,2.79660321626472,NA,NA,NA,NA,2.06263404118452,NA,NA,NA,1.97562266419489,NA,NA,1.52363754045183,1.52363754045183,2.09003301537264,NA,NA,NA,NA,4.08491716902441,NA,NA,NA,NA,2.48644828796088,NA,NA,NA,NA,NA,NA,NA,NA,NA,NA,-0.827737716711643,0.270874571956467,NA,0.676339680064631,-0.134590536151698,NA,NA,NA,NA,NA,NA,NA,NA,NA,NA,NA,NA,NA,NA,NA,NA,-0.827737716711643,NA,-1.52088489727159,-1.52088489727159,0.270874571956467,-0.422272608603478,0.425025251783725,NA,NA,NA,NA,NA,-1.52088489727159,NA,0.877010375526782,0.270874571956467,NA,NA,-0.134590536151698,-0.827737716711643,NA,NA,NA,-0.827737716711643,NA,NA,0.781700195722458,NA,-1.52088489727159,-1.52088489727159,0.270874571956467,-1.52088489727159,-1.52088489727159,NA,NA,NA,NA,1.84641093271489,NA,-0.827737716711643,NA,0.270874571956467,NA,-0.422272608603478,NA
"S_187",1,1,0,1,1,1,0,0,1,1,1,0,0,1,1,1,0,0,1,0,0,0,0,0,1,0,0,0,0,1,0,0,1,1,0,1,1,0,0,0,0,0,0,0,0,0,0,0,1,1,0,1,0,0,1,0,1,1,1,0,0,0,1,0,0,0,0,0,0,1,1,0,0,0,0,0,0,1,1,0,0,0,0,1,0,1,0,0,1,1,0,0,0,0,1,0,0,0,0,0,0,0,0,0,0,0,0,0,0,0,0,1,1,0,0,0,0,0,1,0,4.14969263338171,-0.915009881984823,NA,1.35367365933354,-0.915009881984823,-2.01362217065293,NA,NA,1.42036503383221,-0.404184258218833,0.625435158962325,NA,NA,1.07742028270538,1.69994989605138,0.384273102145438,NA,NA,0.471284479135067,NA,NA,NA,NA,NA,0.758966551586848,NA,NA,NA,NA,-0.404184258218833,NA,NA,0.0658193710269028,-0.627327809533042,NA,-1.32047499009299,0.694428030449277,NA,NA,NA,NA,NA,NA,NA,NA,NA,NA,NA,-0.0677120215976197,0.0658193710269028,NA,1.20525365421527,NA,NA,-2.01362217065293,NA,-0.404184258218833,-0.404184258218833,0.551327186808604,NA,NA,NA,-1.32047499009299,NA,NA,NA,NA,NA,NA,-0.627327809533042,0.471284479135067,NA,NA,NA,NA,NA,NA,0.288962922341113,-0.627327809533042,NA,NA,NA,NA,-0.404184258218833,NA,0.876749587243232,NA,NA,1.03090026707049,-2.01362217065293,NA,NA,NA,NA,-1.32047499009299,NA,NA,NA,NA,NA,NA,NA,NA,NA,NA,NA,NA,NA,NA,NA,NA,-1.32047499009299,-0.915009881984823,NA,NA,NA,NA,NA,-2.01362217065293,NA
"S_189",1,1,1,1,1,0,0,1,1,0,1,1,0,1,0,0,0,1,0,0,0,0,1,0,1,0,0,1,0,1,0,0,1,0,0,0,1,0,0,0,1,0,0,0,0,0,0,0,1,0,0,0,0,0,0,1,0,0,0,0,0,0,0,0,0,0,0,0,0,0,0,0,0,0,0,0,0,1,1,0,0,1,1,0,1,0,0,0,1,0,0,0,1,1,0,1,0,0,0,0,0,0,0,0,0,0,0,0,0,0,0,0,0,0,0,1,0,0,0,0,2.62505413781447,2.57098691654419,-0.724849949460134,4.19147466516488,1.52644184914636,NA,NA,3.93858914465193,3.47235199820167,NA,1.76005670032787,3.81311148683451,NA,0.527913019035234,NA,NA,NA,5.52028735399688,NA,NA,NA,NA,3.74105816919445,NA,-1.41799713002008,NA,NA,3.87026990067446,NA,-1.41799713002008,NA,NA,1.71749708590907,NA,NA,NA,-0.724849949460134,NA,NA,NA,0.191440782414021,NA,NA,NA,NA,NA,NA,NA,0.191440782414021,NA,NA,NA,NA,NA,NA,0.979898142778291,NA,NA,NA,NA,NA,NA,NA,NA,NA,NA,NA,NA,NA,NA,NA,NA,NA,NA,NA,NA,NA,-1.41799713002008,0.373762339207975,NA,NA,1.76005670032787,-1.41799713002008,NA,-1.41799713002008,NA,NA,NA,-1.41799713002008,NA,NA,NA,3.7352944644777,-0.724849949460134,NA,-0.031702768900189,NA,NA,NA,NA,NA,NA,NA,NA,NA,NA,NA,NA,NA,NA,NA,NA,NA,NA,NA,-0.031702768900189,NA,NA,NA,NA
"S_191",1,1,0,1,0,1,1,0,1,1,1,0,0,1,0,0,0,0,0,1,0,0,1,0,1,0,0,0,0,1,1,1,1,0,0,0,0,1,1,0,1,0,0,0,0,0,0,0,1,1,0,0,0,0,0,1,0,1,0,0,0,0,0,0,0,0,0,1,0,0,1,1,0,0,1,1,1,1,1,0,0,1,1,1,0,1,0,1,1,1,0,0,0,1,1,0,1,0,0,1,0,0,0,1,0,0,0,0,0,0,0,0,0,0,0,1,1,0,0,0,4.77005558857642,2.87415586009577,NA,3.44417035525209,NA,2.70154311742877,-1.53256338716849,NA,-1.53256338716849,-1.53256338716849,1.68631243769971,NA,NA,0.952343262619513,NA,NA,NA,NA,NA,2.45642065939579,NA,NA,-1.53256338716849,NA,0.0768745252656127,NA,NA,NA,NA,0.865331885629883,3.63792060786966,0.259196082059567,1.99379713744767,NA,NA,NA,NA,0.664661190167732,0.546878154511348,NA,1.17548681393372,NA,NA,NA,NA,NA,NA,NA,-0.146269026048597,0.865331885629883,NA,NA,NA,NA,NA,-0.433951098500378,NA,-1.53256338716849,NA,NA,NA,NA,NA,NA,NA,NA,NA,0.259196082059567,NA,NA,-0.839416206608542,-0.839416206608542,NA,NA,0.259196082059567,1.10649394244677,1.17548681393372,-0.146269026048597,-1.53256338716849,NA,NA,-1.53256338716849,1.55847906618983,-0.839416206608542,NA,0.546878154511348,NA,-0.433951098500378,-1.53256338716849,-1.53256338716849,NA,NA,NA,-1.53256338716849,-1.53256338716849,NA,-0.146269026048597,NA,NA,1.30064995688773,NA,NA,NA,-1.53256338716849,NA,NA,NA,NA,NA,NA,NA,NA,NA,NA,NA,0.413346761886826,-0.839416206608542,NA,NA,NA
"S_202",1,1,1,1,1,0,1,0,1,0,1,0,0,1,1,0,0,0,0,0,0,0,0,1,1,0,0,0,0,0,0,1,1,0,0,0,0,0,0,1,1,0,0,0,0,0,0,0,1,0,0,0,0,0,0,0,0,1,0,0,0,0,0,0,1,0,0,0,1,0,0,0,0,0,0,0,0,0,0,0,1,1,1,0,1,1,0,0,1,0,0,0,0,1,0,0,0,0,0,0,1,1,0,1,1,0,0,0,0,0,0,1,0,0,0,0,0,0,1,0,3.95785576048578,3.02929493601981,4.87317040638688,3.57648820395668,2.39604589704094,NA,3.44703013671979,NA,4.61119669064531,NA,3.02929493601981,NA,NA,0.714287323027211,4.22583276185823,NA,NA,NA,NA,NA,NA,NA,NA,0.426605250575431,3.14570528786423,NA,NA,NA,NA,NA,NA,0.0211401424672661,0.832070358683595,NA,NA,NA,NA,NA,NA,3.35334465264247,0.244283693781476,NA,NA,NA,NA,NA,NA,NA,3.06566258019069,NA,NA,NA,NA,NA,NA,NA,NA,1.19979513880891,NA,NA,NA,NA,NA,NA,-1.36515421865262,NA,NA,NA,-1.36515421865262,NA,NA,NA,NA,NA,NA,NA,NA,NA,NA,NA,-0.266541929984515,-0.672007038092679,-0.266541929984515,NA,-0.266541929984515,2.86895228594464,NA,NA,-0.266541929984515,NA,NA,NA,NA,0.0211401424672661,NA,NA,NA,NA,NA,NA,-0.672007038092679,-1.36515421865262,NA,-0.266541929984515,-0.672007038092679,NA,NA,NA,NA,NA,NA,-0.672007038092679,NA,NA,NA,NA,NA,NA,-0.266541929984515,NA
"S_208",1,1,0,1,1,0,0,0,1,0,0,0,0,0,0,1,0,0,0,0,0,0,0,0,0,0,0,0,0,1,0,0,1,0,0,0,0,0,0,0,1,0,0,0,0,1,0,0,0,0,0,0,1,0,0,0,1,0,0,0,0,0,0,0,1,0,1,0,0,0,0,0,0,0,0,0,0,1,0,0,0,1,0,0,0,0,0,1,1,0,0,0,0,0,0,0,0,0,1,1,0,0,0,0,0,0,1,0,0,0,0,0,0,1,0,0,1,0,0,0,2.97982547656688,4.33061314922986,NA,2.66330785447521,4.23590519768824,NA,NA,NA,0.199454613885045,NA,NA,NA,NA,NA,NA,0.60491972199321,NA,NA,NA,NA,NA,NA,NA,NA,NA,NA,NA,NA,NA,-0.27054901536069,NA,NA,1.85768269048858,NA,NA,NA,NA,NA,NA,NA,1.33888889707341,NA,NA,NA,NA,1.33888889707341,NA,NA,NA,NA,NA,NA,2.8385119435003,NA,NA,NA,2.75474206043484,NA,NA,NA,NA,NA,NA,NA,-0.0882274585667358,NA,0.828063273307419,NA,NA,NA,NA,NA,NA,NA,NA,NA,NA,-1.18683974723485,NA,NA,NA,-0.781374639126681,NA,NA,NA,NA,NA,-0.27054901536069,-1.18683974723485,NA,NA,NA,NA,NA,NA,NA,NA,NA,0.759070401820468,-1.18683974723485,NA,NA,NA,NA,NA,NA,-0.781374639126681,NA,NA,NA,NA,NA,NA,-0.27054901536069,NA,NA,-0.781374639126681,NA,NA,NA
"S_247",1,1,1,1,1,1,0,1,1,0,1,0,0,1,0,1,0,0,1,0,0,0,0,0,0,1,1,0,0,1,0,1,1,1,1,1,0,1,0,0,1,0,0,1,0,1,0,0,1,0,0,1,0,0,1,0,0,1,1,0,0,0,0,0,1,0,0,0,0,0,0,0,0,0,0,0,0,0,0,0,1,1,0,0,1,1,0,1,0,0,0,0,0,1,1,0,0,0,0,0,0,0,0,0,1,0,0,0,1,0,0,0,0,0,1,0,0,0,1,0,3.72222748775393,3.32712516668131,2.82995163208364,2.62361519908582,0.949638765514144,3.06990230171423,NA,-1.24758581182208,3.25222385850819,NA,1.23732083796592,NA,NA,-1.24758581182208,NA,3.3968050873193,NA,NA,3.70824124577919,NA,NA,NA,NA,NA,NA,1.97129001304613,3.95642087525472,NA,NA,1.23732083796592,NA,0.83185572985776,0.83185572985776,0.361852100612025,-0.55443863126213,2.7413982347422,NA,2.08461869835313,NA,NA,-0.55443863126213,NA,NA,3.24105055791006,NA,0.138708549297815,NA,NA,1.1503094609763,NA,NA,-1.24758581182208,NA,NA,1.23732083796592,NA,NA,-0.148973523153966,-0.55443863126213,NA,NA,NA,NA,NA,-0.148973523153966,NA,NA,NA,NA,NA,NA,NA,NA,NA,NA,NA,NA,NA,NA,NA,-1.24758581182208,-1.24758581182208,NA,NA,5.21855891241554,-0.148973523153966,NA,1.88790840410707,NA,NA,NA,NA,NA,1.23732083796592,-0.55443863126213,NA,NA,NA,NA,NA,NA,NA,NA,NA,-1.24758581182208,NA,NA,NA,-1.24758581182208,NA,NA,NA,NA,NA,-1.24758581182208,NA,NA,NA,0.138708549297815,NA
"S_260",1,1,0,1,0,1,1,0,0,0,0,1,0,1,1,1,0,1,0,1,1,0,0,0,0,1,0,0,0,1,1,0,1,0,0,1,0,0,0,0,1,0,0,0,0,0,0,0,0,0,0,0,1,0,1,0,0,0,0,0,0,0,0,0,0,0,0,0,0,0,0,0,0,0,0,0,0,1,0,0,0,1,0,0,0,0,0,0,0,0,0,0,0,1,0,0,0,0,0,0,0,0,0,0,0,0,0,0,0,0,0,0,0,0,1,1,0,0,0,0,2.20016876290722,3.30321564864319,NA,3.66033297259356,NA,0.590730850473118,-1.01870706196098,NA,NA,NA,NA,-0.171409201573778,NA,-0.731024989509201,1.85297256292303,0.521737978986167,NA,-1.01870706196098,NA,-0.325559881401037,1.34841655217063,NA,NA,NA,NA,-1.01870706196098,NA,NA,NA,1.31666785385605,-0.325559881401037,NA,-2.11731935062909,NA,NA,-0.731024989509201,NA,NA,NA,NA,0.0799052267071279,NA,NA,NA,NA,NA,NA,NA,NA,NA,NA,NA,2.02581537576244,NA,-0.731024989509201,NA,NA,NA,NA,NA,NA,NA,NA,NA,NA,NA,NA,NA,NA,NA,NA,NA,NA,NA,NA,NA,NA,1.71132204586,NA,NA,NA,-0.507881438194991,NA,NA,NA,NA,NA,NA,NA,NA,NA,NA,NA,1.21488515954611,NA,NA,NA,NA,NA,NA,NA,NA,NA,NA,NA,NA,NA,NA,NA,NA,NA,NA,NA,NA,-2.11731935062909,0.185265742364954,NA,NA,NA,NA
"S_262",1,1,1,1,1,0,0,0,1,1,1,0,0,1,1,0,0,0,0,1,1,0,0,1,0,1,0,0,0,1,0,0,1,0,0,0,0,0,0,0,1,0,0,0,0,1,0,0,0,1,0,1,0,0,0,0,1,0,0,0,0,0,0,1,1,0,1,0,0,0,0,0,0,0,0,1,0,1,1,1,0,1,0,0,0,0,0,1,0,0,0,0,0,1,1,0,0,0,0,0,0,0,0,0,0,0,0,0,0,0,0,0,0,1,0,1,1,0,0,0,3.03090989617134,2.5058996374134,3.32210691073057,4.68443208173746,-1.23176998086997,NA,NA,NA,0.559989488358082,-1.23176998086997,-1.23176998086997,NA,NA,-1.23176998086997,-1.23176998086997,NA,NA,NA,NA,4.37770181431499,-1.23176998086997,NA,NA,2.84576746303575,NA,-0.538622800310027,NA,NA,NA,-0.538622800310027,NA,NA,1.71266899829647,NA,NA,NA,NA,NA,NA,NA,2.1355258491165,NA,NA,NA,NA,1.1661252919284,NA,NA,NA,-1.23176998086997,NA,-1.23176998086997,NA,NA,NA,NA,-0.538622800310027,NA,NA,NA,NA,NA,NA,-1.23176998086997,-1.23176998086997,NA,4.89291341002423,NA,NA,NA,NA,NA,NA,NA,NA,-0.538622800310027,NA,-1.23176998086997,-1.23176998086997,1.60144336318624,NA,0.377667931564128,NA,NA,NA,NA,NA,-0.538622800310027,NA,NA,NA,NA,NA,0.847671560809863,-1.23176998086997,NA,NA,NA,NA,NA,NA,NA,NA,NA,NA,NA,NA,NA,NA,NA,NA,NA,NA,-0.538622800310027,NA,-0.538622800310027,-1.23176998086997,NA,NA,NA
"S_263",1,1,0,1,1,1,0,0,1,0,1,0,0,1,0,0,0,0,1,0,0,0,0,0,0,1,0,1,0,1,0,1,0,1,0,0,1,0,0,0,1,0,0,1,0,0,1,1,0,0,0,0,0,0,0,0,0,1,1,0,1,0,0,0,1,0,0,0,1,0,0,1,0,1,0,1,0,1,0,0,0,1,1,0,0,1,0,0,0,0,0,0,0,1,0,0,0,0,0,1,0,1,0,0,1,0,0,0,0,0,0,0,0,0,0,0,0,0,0,0,3.09640611518283,2.50504162893283,NA,1.81189444837289,3.62493131604823,1.59678306875594,NA,NA,2.55229451378338,NA,3.42133236080699,NA,NA,1.46894969724606,NA,NA,NA,NA,3.36151386559608,NA,NA,NA,NA,NA,NA,1.59678306875594,NA,-1.62209275611226,NA,1.51340145981689,NA,-0.0126548436781602,NA,-0.928945575552315,NA,NA,1.08595744498995,NA,NA,NA,-0.523480467444151,NA,NA,-0.523480467444151,NA,NA,1.7791046255499,1.55596107423569,NA,NA,NA,NA,NA,NA,NA,NA,NA,-0.23579839499237,-0.523480467444151,NA,-1.62209275611226,NA,NA,NA,0.169666713115795,NA,NA,NA,3.53119883838552,NA,NA,1.016964573503,NA,-1.62209275611226,NA,-0.928945575552315,NA,0.680492336881785,NA,NA,NA,0.575131821223959,-0.0126548436781602,NA,NA,-1.62209275611226,NA,NA,NA,NA,NA,NA,NA,0.169666713115795,NA,NA,NA,NA,NA,0.680492336881785,NA,-0.0126548436781602,NA,NA,-0.928945575552315,NA,NA,NA,NA,NA,NA,NA,NA,NA,NA,NA,NA,NA,NA,NA
"S_266",1,1,0,1,1,0,0,0,0,0,1,0,1,1,1,1,0,0,1,1,1,0,0,0,0,0,0,0,0,0,0,1,1,0,0,1,1,1,0,0,1,1,0,0,0,0,0,0,0,1,1,0,0,0,0,0,1,0,1,0,1,1,1,0,0,0,0,0,0,1,0,1,0,0,0,0,0,0,1,1,0,1,1,0,0,0,1,0,0,0,0,1,0,1,0,0,1,0,1,0,1,0,0,0,0,0,0,0,0,0,0,0,0,1,0,1,0,1,0,0,2.31669871597469,3.86850751557215,NA,2.6387822151438,3.14087415894104,NA,NA,NA,NA,NA,-0.902177108893511,NA,2.37496762409867,0.48411725222638,3.10515607633896,-0.902177108893511,NA,NA,3.36050276814781,-1.59532428945346,2.56355879390622,NA,NA,NA,NA,NA,NA,NA,NA,NA,NA,0.350585859601857,1.23788905460276,NA,NA,2.89331208027868,-1.59532428945346,-1.59532428945346,NA,NA,2.49902027276864,-1.59532428945346,NA,NA,NA,NA,NA,NA,NA,-0.496712000785346,-0.496712000785346,NA,NA,NA,NA,NA,-0.496712000785346,NA,-0.902177108893511,NA,2.11824777725085,-1.59532428945346,0.889582360334545,NA,NA,NA,NA,NA,NA,-0.496712000785346,NA,-1.59532428945346,NA,NA,NA,NA,NA,NA,0.196435179774599,-0.496712000785346,NA,0.350585859601857,0.802570983344915,NA,NA,NA,-0.209029928333565,NA,NA,NA,NA,1.0437330401618,NA,-1.59532428945346,NA,NA,0.350585859601857,NA,-0.902177108893511,NA,0.0141136229806444,NA,NA,NA,NA,NA,NA,NA,NA,NA,NA,NA,NA,-0.209029928333565,NA,1.54016992647569,NA,-1.59532428945346,NA,NA
